saison,platz,spieler,einsaetze,gelb,gelb_rot,rot,punkte
1963/64,1,Otto Rehhagel,23,0,0,1,5
1963/64,2,Helmut Rahn,18,0,0,1,5
1963/64,3,Christian Müller,22,0,0,1,5
1963/64,4,Günter Karnhof,10,0,0,1,5
1963/64,5,Walter Gawletta,19,0,0,1,5
1963/64,6,Co Prins,23,0,0,1,5
1963/64,7,Werner Hesse,27,0,0,1,5
1963/64,8,Engelbert Kraus,17,0,0,1,5
1964/65,1,Wolfgang Overath,27,0,0,1,5
1964/65,2,Jürgen Kurbjuhn,26,0,0,1,5
1964/65,3,Wilhelm Wrenger,19,0,0,1,5
1964/65,4,Hans Eisele,23,0,0,1,5
1964/65,5,Erwin Waldner,15,0,0,1,5
1964/65,6,Karl Heinz Mülhausen,19,0,0,1,5
1964/65,7,Werner Lotz,27,0,0,1,5
1964/65,8,Willi Koslowski,16,0,0,1,5
1964/65,9,Stevan Bena,9,0,0,1,5
1964/65,10,Günter Kuntz,20,0,0,1,5
1965/66,1,Gert Dörfel,27,0,0,1,5
1965/66,2,Dieter Koulmann,27,0,0,1,5
1965/66,3,Dieter Danzberg,2,0,0,1,5
1965/66,4,Wilhelm Wrenger,26,0,0,1,5
1965/66,5,Hans Eisele,32,0,0,1,5
1965/66,6,Albert Jansen,30,0,0,1,5
1965/66,7,Uwe Klimaschefski,29,0,0,1,5
1965/66,8,Otto Geisert,32,0,0,1,5
1965/66,9,Manfred Müller,24,0,0,1,5
1965/66,10,Jürgen Neumann,21,0,0,1,5
1965/66,11,Bodo Fuchs,15,0,0,1,5
1966/67,1,Peter Blusch,29,0,0,2,10
1966/67,2,Timo Konietzka,14,0,0,1,5
1966/67,3,Jürgen Kurbjuhn,30,0,0,1,5
1966/67,4,Stan Libuda,22,0,0,1,5
1966/67,5,Heinz Pliska,18,0,0,1,5
1966/67,6,Karl-Heinz Struth,11,0,0,1,5
1966/67,7,Wilhelm Sturm,23,0,0,1,5
1966/67,8,Uwe Klimaschefski,25,0,0,1,5
1966/67,9,Roland Wabra,17,0,0,1,5
1966/67,10,Werner Lotz,24,0,0,1,5
1966/67,11,Waldemar Gerhardt,30,0,0,1,5
1966/67,12,Manfred Wagner,17,0,0,1,5
1966/67,13,Andrija Ankovic,12,0,0,1,5
1967/68,1,Helmut Sandmann,29,0,0,1,5
1967/68,2,Hubert Schöll,3,0,0,1,5
1967/68,3,Zarko Nikolic,3,0,0,1,5
1967/68,4,Gerd Regitz,29,0,0,1,5
1967/68,5,Walter Bechtold,21,0,0,1,5
1967/68,6,Eddy Bandura,31,0,0,1,5
1967/68,7,Josip Skoblar,21,0,0,1,5
1967/68,8,Eugen Ehmann,29,0,0,1,5
1967/68,9,Manfred Müller,16,0,0,1,5
1967/68,10,Helmut Kapitulski,20,0,0,1,5
1967/68,11,Rolf Pawellek,27,0,0,1,5
1967/68,12,Hans Linsenmaier,29,0,0,1,5
1967/68,13,Willi Seebauer,4,0,0,1,5
1968/69,1,Gerd Müller,30,0,0,1,5
1968/69,2,Horst-Dieter Höttges,31,0,0,1,5
1968/69,3,Klaus Fischer,26,0,0,1,5
1968/69,4,Gert Dörfel,32,0,0,1,5
1968/69,5,Georg Volkert,28,0,0,1,5
1968/69,6,Herbert Höbusch,22,0,0,1,5
1968/69,7,Werner Ipta,25,0,0,1,5
1968/69,8,Peter Blusch,25,0,0,1,5
1968/69,9,Ferdinand Heidkamp,31,0,0,1,5
1968/69,10,Horst Leupold,27,0,0,1,5
1968/69,11,Peter Anders,31,0,0,1,5
1968/69,12,Rolf Pawellek,32,0,0,1,5
1968/69,13,Willi Rodekurth,15,0,0,1,5
1968/69,14,Helmut Siber,31,0,0,1,5
1969/70,1,Dieter Zembski,19,0,0,1,5
1969/70,2,Franz Krauthausen,31,0,0,1,5
1969/70,3,Helmut Nerlinger,5,0,0,1,5
1969/70,4,Peter Pumm,27,0,0,1,5
1969/70,5,Klaus Bohnsack,21,0,0,1,5
1969/70,6,Dieter Hentschel,27,0,0,1,5
1969/70,7,Gerd Schneider,8,0,0,1,5
1970/71,1,Horst Heese,31,0,0,1,5
1970/71,2,Franz Roth,27,0,0,1,5
1970/71,3,Werner Biskup,27,0,0,1,5
1970/71,4,Friedel Lutz,32,0,0,1,5
1970/71,5,Lothar Kobluhn,32,0,0,1,5
1971/72,1,Klaus Wunder,27,0,0,2,10
1971/72,2,Willi Reimann,29,0,0,1,5
1971/72,3,Theo Bücker,32,0,0,1,5
1971/72,4,Rolf Rüssmann,30,0,0,1,5
1971/72,5,Jürgen Jendrossek,29,0,0,1,5
1971/72,6,Dieter Schulz,5,0,0,1,5
1971/72,7,Siegfried Köstler,26,0,0,1,5
1971/72,8,Dieter Weinkauff,18,0,0,1,5
1971/72,9,Herbert Wimmer,29,0,0,1,5
1971/72,10,Erich Beer,31,0,0,1,5
1971/72,11,Bernd Nickel,28,0,0,1,5
1971/72,12,Herwart Koppenhöfer,14,1,0,0,1
1971/72,13,Kurt Rettkowski,34,1,0,0,1
1972/73,1,Erwin Kostedde,29,0,0,1,5
1972/73,2,Willi Reimann,31,0,0,1,5
1972/73,3,Bernd Schmidt,21,0,0,1,5
1972/73,4,Klaus Winkler,29,0,0,1,5
1972/73,5,Bernd Lehmann,31,0,0,1,5
1973/74,1,Erwin Kremers,33,7,0,1,12
1973/74,2,Harald Konopka,29,6,0,1,11
1973/74,3,Dieter Versen,34,10,0,0,10
1973/74,4,Hans Siemensmeyer,31,9,0,0,9
1973/74,5,Hannes Linßen,33,9,0,0,9
1973/74,6,Peter Schwarz,18,3,0,1,8
1973/74,7,Manfred Cremer,26,3,0,1,8
1973/74,8,Herbert Meyer,33,7,0,0,7
1973/74,9,Lorenz Horr,32,7,0,0,7
1973/74,10,Hannes Löhr,31,2,0,1,7
1973/74,11,Heiner Baltes,28,2,0,1,7
1973/74,12,Hans Walitza,31,6,0,0,6
1973/74,13,Peter Hidien,31,6,0,0,6
1973/74,14,Wolfgang Rausch,34,6,0,0,6
1973/74,15,Heinz Flohe,32,6,0,0,6
1973/74,16,Herbert Hein,34,6,0,0,6
1973/74,17,Johannes Riedl,27,6,0,0,6
1973/74,18,Detlef Pirsig,34,6,0,0,6
1973/74,19,Hans-Günter Neues,32,6,0,0,6
1973/74,20,Peter Boers,28,6,0,0,6
1973/74,21,Jürgen Glowacz,23,1,0,1,6
1973/74,22,Bernd Gersdorff,12,1,0,1,6
1973/74,23,Gert Trinklein,30,1,0,1,6
1973/74,24,Bernard Dietz,33,5,0,0,5
1973/74,25,Horst Heese,23,5,0,0,5
1974/75,1,Wolfgang Rausch,34,9,0,0,9
1974/75,2,Jürgen Glowacz,33,4,0,1,9
1974/75,3,Werner Lorant,31,8,0,0,8
1974/75,4,Uwe Kliemann,34,8,0,0,8
1974/75,5,Hans Dörre,32,8,0,0,8
1974/75,6,Rainer Bonhof,28,3,0,1,8
1974/75,7,Detlef Pirsig,31,3,0,1,8
1974/75,8,Klaus Winkler,28,7,0,0,7
1974/75,9,Manfred Ritschel,32,7,0,0,7
1974/75,10,Lothar Dupke,33,7,0,0,7
1974/75,11,Klaus Budde,18,2,0,1,7
1974/75,12,Hans-Günther Kroth,27,2,0,1,7
1974/75,13,Joachim Thiel,22,2,0,1,7
1974/75,14,Jürgen Grabowski,33,6,0,0,6
1974/75,15,Dieter Herzog,33,6,0,0,6
1974/75,16,Peter Nogly,33,6,0,0,6
1974/75,17,Herbert Stöckl,23,6,0,0,6
1974/75,18,Willi Entenmann,27,6,0,0,6
1974/75,19,Karl-Heinz Handschuh,34,6,0,0,6
1974/75,20,Ludwig Müller,34,6,0,0,6
1974/75,21,Franz Merkhoffer,34,6,0,0,6
1974/75,22,Reiner Hollmann,32,6,0,0,6
1974/75,23,Heinz-Dieter Lömm,24,6,0,0,6
1974/75,24,Hartmut Fromm,28,1,0,1,6
1974/75,25,Willi Neuberger,31,1,0,1,6
1975/76,1,Reinhard Meier,34,9,0,1,14
1975/76,2,Manfred Ritschel,28,5,0,1,10
1975/76,3,Harald Konopka,33,9,0,0,9
1975/76,4,Dieter Herzog,32,4,0,1,9
1975/76,5,Bernd Thiele,27,8,0,0,8
1975/76,6,Norbert Brinkmann,34,8,0,0,8
1975/76,7,Winfried Schäfer,34,3,0,1,8
1975/76,8,Kurt Jara,31,7,0,0,7
1975/76,9,Paul Hahn,26,7,0,0,7
1975/76,10,Klaus Toppmöller,32,7,0,0,7
1975/76,11,Herbert Meyer,24,2,0,1,7
1975/76,12,Wolfgang Grzyb,30,2,0,1,7
1975/76,13,Uli Stielike,33,6,0,0,6
1975/76,14,Jürgen Weber,29,6,0,0,6
1975/76,15,Bernd Gersdorff,29,6,0,0,6
1975/76,16,Wolfgang Rausch,34,6,0,0,6
1975/76,17,Wolfgang Frank,34,6,0,0,6
1975/76,18,Frank Schäffer,26,6,0,0,6
1975/76,19,Detlef Pirsig,34,6,0,0,6
1975/76,20,Hermann Bitz,34,6,0,0,6
1975/76,21,Reiner Hollmann,34,6,0,0,6
1975/76,22,Kees Bregman,30,6,0,0,6
1975/76,23,Walter Frosch,27,6,0,0,6
1975/76,24,Hans-Günter Neues,31,1,0,1,6
1975/76,25,Berti Vogts,34,5,0,0,5
1976/77,1,Uwe Kliemann,26,6,0,2,16
1976/77,2,Detlef Pirsig,32,11,0,0,11
1976/77,3,Kees Bregman,33,6,0,1,11
1976/77,4,Winfried Schäfer,34,9,0,0,9
1976/77,5,Heinz Flohe,30,4,0,1,9
1976/77,6,Per Röntved,29,3,0,1,8
1976/77,7,Werner Lorant,31,3,0,1,8
1976/77,8,Karl-Heinz Handschuh,26,3,0,1,8
1976/77,9,Horst Hrubesch,26,7,0,0,7
1976/77,10,Herbert Meyer,28,7,0,0,7
1976/77,11,Burghard Segler,34,7,0,0,7
1976/77,12,Jürgen Grabowski,34,6,0,0,6
1976/77,13,Willi Lippens,29,6,0,0,6
1976/77,14,Ernst Savkovic,29,6,0,0,6
1976/77,15,Hans Klinkhammer,29,6,0,0,6
1976/77,16,Heiner Baltes,34,6,0,0,6
1976/77,17,Hans-Georg Kraus,11,6,0,0,6
1976/77,18,Herbert Hein,6,1,0,1,6
1976/77,19,Karl Berger,24,1,0,1,6
1976/77,20,Hans-Jürgen Baake,19,1,0,1,6
1976/77,21,Kurt Jara,34,5,0,0,5
1976/77,22,Willi Neuberger,33,5,0,0,5
1976/77,23,Manfred Ritschel,23,5,0,0,5
1976/77,24,Hans-Josef Kapellmann,31,5,0,0,5
1976/77,25,Wolfgang Frank,32,5,0,0,5
1977/78,1,Wolfgang Kraus,27,5,0,1,10
1977/78,2,Ernst Diehl,23,5,0,1,10
1977/78,3,Kees Bregman,26,4,0,1,9
1977/78,4,Jürgen Grabowski,34,8,0,0,8
1977/78,5,Wolfgang Dremmler,34,8,0,0,8
1977/78,6,Walter Frosch,18,8,0,0,8
1977/78,7,Klaus Allofs,30,3,0,1,8
1977/78,8,Hans-Josef Kapellmann,24,3,0,1,8
1977/78,9,Kurt Jara,30,7,0,0,7
1977/78,10,Wolfgang Grobe,21,7,0,0,7
1977/78,11,Ahmet Glavovic,22,7,0,0,7
1977/78,12,Karl-Heinz Rummenigge,29,2,0,1,7
1977/78,13,Hans Weiner,31,2,0,1,7
1977/78,14,Hans Haunstein,30,2,0,1,7
1977/78,15,Peter Fenten,17,2,0,1,7
1977/78,16,Manfred Burgsmüller,34,6,0,0,6
1977/78,17,Karlheinz Förster,34,6,0,0,6
1977/78,18,Lothar Woelk,33,6,0,0,6
1977/78,19,Willi Reimann,21,6,0,0,6
1977/78,20,Uwe Bracht,34,6,0,0,6
1977/78,21,Dragan Holcer,34,6,0,0,6
1977/78,22,Hannes Bongartz,34,6,0,0,6
1977/78,23,Manfred Ritschel,23,6,0,0,6
1977/78,24,Ludwig Schuster,27,6,0,0,6
1977/78,25,Wolfgang Metzler,30,6,0,0,6
1978/79,1,Hans-Günter Neues,31,9,0,1,14
1978/79,2,Christian Sackewitz,30,6,0,1,11
1978/79,3,Hansi Müller,30,6,0,1,11
1978/79,4,Uwe Reinders,32,10,0,0,10
1978/79,5,Manfred Burgsmüller,33,9,0,0,9
1978/79,6,Horst Weyerich,33,9,0,0,9
1978/79,7,Horst Wohlers,28,4,0,1,9
1978/79,8,Bernd Förster,29,8,0,0,8
1978/79,9,Kurt Jara,34,8,0,0,8
1978/79,10,Wolfgang Grobe,34,8,0,0,8
1978/79,11,Peter Nogly,34,8,0,0,8
1978/79,12,Werner Lorant,34,8,0,0,8
1978/79,13,Wolfgang Dremmler,31,8,0,0,8
1978/79,14,Christian Kulik,27,8,0,0,8
1978/79,15,Walter Bechtold,29,8,0,0,8
1978/79,16,Roland Gerber,24,3,0,1,8
1978/79,17,Klaus Toppmöller,30,3,0,1,8
1978/79,18,Hans-Joachim Abel,28,7,0,0,7
1978/79,19,Georg Volkert,33,7,0,0,7
1978/79,20,Rüdiger Wenzel,29,7,0,0,7
1978/79,21,Heiner Baltes,34,7,0,0,7
1978/79,22,Bernd Hölzenbein,26,2,0,1,7
1978/79,23,Herbert Neumann,25,2,0,1,7
1978/79,24,Hans-Werner Moors,34,6,0,0,6
1978/79,25,Lothar Woelk,33,6,0,0,6
1979/80,1,Werner Lorant,26,6,0,1,11
1979/80,2,Christian Kulik,27,0,0,2,10
1979/80,3,Amand Theis,21,4,0,1,9
1979/80,4,Thomas Hörster,32,8,0,0,8
1979/80,5,Lothar Huber,28,8,0,0,8
1979/80,6,Norbert Brinkmann,29,8,0,0,8
1979/80,7,Wolfgang Grobe,28,7,0,0,7
1979/80,8,Bernd Thiele,31,7,0,0,7
1979/80,9,Hans-Joachim Wagner,28,7,0,0,7
1979/80,10,Hans-Günter Neues,32,7,0,0,7
1979/80,11,Norbert Siegmann,19,6,0,0,6
1979/80,12,Uwe Bracht,32,6,0,0,6
1979/80,13,Dragan Holcer,28,6,0,0,6
1979/80,14,Michael Sziedat,26,6,0,0,6
1979/80,15,Franz Raschid,31,6,0,0,6
1979/80,16,Ludger van de Loo,31,6,0,0,6
1979/80,17,Paul Breitner,32,5,0,0,5
1979/80,18,Kurt Jara,31,5,0,0,5
1979/80,19,Dieter Herzog,32,5,0,0,5
1979/80,20,Lothar Woelk,34,5,0,0,5
1979/80,21,Norbert Nachtweih,32,5,0,0,5
1979/80,22,Georg Volkert,27,5,0,0,5
1979/80,23,Dietmar Demuth,33,5,0,0,5
1979/80,24,Jürgen Fleer,23,5,0,0,5
1979/80,25,Uwe Kliemann,30,5,0,0,5
1980/81,1,Bernd Thiele,31,11,0,0,11
1980/81,2,Kurt Jara,31,9,0,0,9
1980/81,3,Ludger van de Loo,25,4,0,1,9
1980/81,4,Norbert Dörmann,18,8,0,0,8
1980/81,5,Emanuel Günther,32,8,0,0,8
1980/81,6,Helmut Schröder,32,3,0,1,8
1980/81,7,Roland Hattenberger,24,3,0,1,8
1980/81,8,Horst Weyerich,25,3,0,1,8
1980/81,9,Werner Lorant,32,7,0,0,7
1980/81,10,Werner Schneider,28,7,0,0,7
1980/81,11,Rolf Dohmen,32,7,0,0,7
1980/81,12,Rainer Ulrich,30,7,0,0,7
1980/81,13,Jürgen Milewski,20,2,0,1,7
1980/81,14,Willi Reimann,19,2,0,1,7
1980/81,15,Karlheinz Förster,30,6,0,0,6
1980/81,16,Reinhold Hintermaier,26,6,0,0,6
1980/81,17,Jürgen Glowacz,30,6,0,0,6
1980/81,18,Holger Hieronymus,23,6,0,0,6
1980/81,19,Jürgen Fleer,24,6,0,0,6
1980/81,20,Ivica Senzen,30,6,0,0,6
1980/81,21,Josef Weikl,34,6,0,0,6
1980/81,22,Kees Bregman,26,6,0,0,6
1980/81,23,Rüdiger Wenzel,34,1,0,1,6
1980/81,24,Tony Woodcock,29,1,0,1,6
1980/81,25,Lothar Matthäus,33,5,0,0,5
1981/82,1,Guido Szesni,32,6,0,1,11
1981/82,2,Karlheinz Förster,26,4,0,1,9
1981/82,3,Horst Weyerich,26,4,0,1,9
1981/82,4,Peter Geyer,28,3,0,1,8
1981/82,5,Karlheinz Geils,32,7,0,0,7
1981/82,6,Lothar Woelk,31,7,0,0,7
1981/82,7,Hans-Günter Bruns,32,7,0,0,7
1981/82,8,Gerd Strack,32,7,0,0,7
1981/82,9,Willi Wagner,26,7,0,0,7
1981/82,10,Rolf Dohmen,27,2,0,1,7
1981/82,11,Wolfgang Patzke,28,6,0,0,6
1981/82,12,Norbert Eder,32,6,0,0,6
1981/82,13,Edwin Westenberger,30,6,0,0,6
1981/82,14,Norbert Nachtweih,31,1,0,1,6
1981/82,15,Hans-Günter Neues,21,1,0,1,6
1981/82,16,Klaus Allofs,30,5,0,0,5
1981/82,17,Frank Saborowski,30,5,0,0,5
1981/82,18,Klaus Augenthaler,33,5,0,0,5
1981/82,19,Wilfried Hannes,31,5,0,0,5
1981/82,20,Werner Lorant,29,5,0,0,5
1981/82,21,Jürgen Täuber,32,5,0,0,5
1981/82,22,Harald Konopka,26,5,0,0,5
1981/82,23,Amand Theis,31,5,0,0,5
1981/82,24,Walter Kelsch,31,5,0,0,5
1981/82,25,Alexander Szatmári,20,5,0,0,5
1982/83,1,Karlheinz Geils,33,6,0,1,11
1982/83,2,Rudolf Wojtowicz,23,6,0,1,11
1982/83,3,Wolfgang Dremmler,27,1,0,2,11
1982/83,4,Bernd Förster,31,10,0,0,10
1982/83,5,Frank Saborowski,25,5,0,1,10
1982/83,6,Werner Lorant,31,9,0,0,9
1982/83,7,Manfred Drexler,31,4,0,1,9
1982/83,8,Jürgen Gelsdorf,31,8,0,0,8
1982/83,9,Klaus Augenthaler,28,8,0,0,8
1982/83,10,Thomas Kempe,30,7,0,0,7
1982/83,11,Bernd Klotz,31,2,0,1,7
1982/83,12,Uli Borowka,28,6,0,0,6
1982/83,13,Rigobert Gruber,28,6,0,0,6
1982/83,14,Norbert Siegmann,27,6,0,0,6
1982/83,15,Horst Wohlers,25,6,0,0,6
1982/83,16,Walter Oswald,32,6,0,0,6
1982/83,17,Jimmy Hartwig,31,6,0,0,6
1982/83,18,Emanuel Günther,32,6,0,0,6
1982/83,19,Thomas Allofs,30,1,0,1,6
1982/83,20,Frank Mill,28,1,0,1,6
1982/83,21,Wolfgang Rolff,32,5,0,0,5
1982/83,22,Ulrich Büscher,23,5,0,0,5
1982/83,23,Rolf Blau,33,5,0,0,5
1982/83,24,Ditmar Jakobs,31,5,0,0,5
1982/83,25,Winfried Geier,24,5,0,0,5
1983/84,1,Rigobert Gruber,27,6,0,1,11
1983/84,2,Dieter Schlindwein,27,6,0,1,11
1983/84,3,Günter Sebert,30,6,0,1,11
1983/84,4,Michael Sziedat,17,1,0,2,11
1983/84,5,Lothar Woelk,31,10,0,0,10
1983/84,6,Ulrich Bittorf,22,5,0,1,10
1983/84,7,Holger Hieronymus,21,5,0,1,10
1983/84,8,Norbert Brinkmann,18,5,0,1,10
1983/84,9,Roland Grahammer,30,9,0,0,9
1983/84,10,Bernd Förster,31,9,0,0,9
1983/84,11,Norbert Fruck,21,4,0,1,9
1983/84,12,Heiner Pahl,30,4,0,1,9
1983/84,13,Günther Schäfer,26,8,0,0,8
1983/84,14,Karlheinz Förster,29,8,0,0,8
1983/84,15,Horst Wohlers,31,8,0,0,8
1983/84,16,Wolfgang Trapp,32,8,0,0,8
1983/84,17,Klaus Augenthaler,31,8,0,0,8
1983/84,18,Erdal Keser,29,8,0,0,8
1983/84,19,Jürgen Täuber,29,8,0,0,8
1983/84,20,Dieter Trunk,28,3,0,1,8
1983/84,21,Wolfgang Pohl,29,7,0,0,7
1983/84,22,Paul Steiner,33,7,0,0,7
1983/84,23,Jimmy Hartwig,30,7,0,0,7
1983/84,24,Ditmar Jakobs,32,7,0,0,7
1983/84,25,Peter Loontiens,30,7,0,0,7
1984/85,1,Ditmar Jakobs,29,8,0,1,13
1984/85,2,André Egli,31,8,0,1,13
1984/85,3,Klaus Täuber,30,6,0,1,11
1984/85,4,Heiner Pahl,29,6,0,1,11
1984/85,5,Dietmar Roth,31,10,0,0,10
1984/85,6,Norbert Brinkmann,27,10,0,0,10
1984/85,7,Roland Dickgießer,32,9,0,0,9
1984/85,8,Michael Frontzeck,31,4,0,1,9
1984/85,9,Reinhold Hintermaier,28,8,0,0,8
1984/85,10,Matthias Herget,31,8,0,0,8
1984/85,11,Ludger van de Loo,32,8,0,0,8
1984/85,12,Peter Lux,27,3,0,1,8
1984/85,13,Pierre Littbarski,28,3,0,1,8
1984/85,14,Nico Claesen,22,3,0,1,8
1984/85,15,Uli Borowka,32,7,0,0,7
1984/85,16,Günther Schäfer,27,7,0,0,7
1984/85,17,Klaus Augenthaler,32,7,0,0,7
1984/85,18,Jürgen Röber,32,7,0,0,7
1984/85,19,Sören Lerby,28,7,0,0,7
1984/85,20,Helmut Winklhofer,32,7,0,0,7
1984/85,21,Gerhard Bold,19,7,0,0,7
1984/85,22,Jonny Otten,32,2,0,1,7
1984/85,23,Wolfgang Kneib,32,2,0,1,7
1984/85,24,Matthias Westerwinter,13,2,0,1,7
1984/85,25,Kazuo Ozaki,23,2,0,1,7
1985/86,1,Bruno Pezzey,33,6,0,1,11
1985/86,2,Martin Giesel,28,6,0,1,11
1985/86,3,Thomas Hörster,31,10,0,0,10
1985/86,4,Andreas Müller,29,10,0,0,10
1985/86,5,Roland Grahammer,28,5,0,1,10
1985/86,6,Frank Pagelsdorf,19,5,0,1,10
1985/86,7,Matthias Herget,29,5,0,1,10
1985/86,8,Peter Lux,32,5,0,1,10
1985/86,9,Gerard Plessers,29,5,0,1,10
1985/86,10,Jan Svensson,30,5,0,1,10
1985/86,11,Manfred Bockenfeld,32,9,0,0,9
1985/86,12,Hans-Günter Bruns,30,4,0,1,9
1985/86,13,Roland Dickgießer,30,4,0,1,9
1985/86,14,Dietmar Klinger,26,4,0,1,9
1985/86,15,Karlheinz Geils,30,8,0,0,8
1985/86,16,Sören Lerby,31,8,0,0,8
1985/86,17,Dieter Trunk,23,8,0,0,8
1985/86,18,Florian Hinterberger,22,3,0,1,8
1985/86,19,Jürgen Fleer,22,3,0,1,8
1985/86,20,Jean-Santos Muntubila,30,3,0,1,8
1985/86,21,Günther Schäfer,29,7,0,0,7
1985/86,22,Andreas Brehme,31,7,0,0,7
1985/86,23,Karlheinz Förster,27,7,0,0,7
1985/86,24,Mathias Kuhlmey,23,7,0,0,7
1985/86,25,Lothar Woelk,29,7,0,0,7
1986/87,1,Jürgen Groh,28,6,0,2,16
1986/87,2,Thomas Kempe,32,7,0,1,12
1986/87,3,Michael Blättel,28,7,0,1,12
1986/87,4,Karlheinz Geils,25,5,0,1,10
1986/87,5,Michael Dämgen,26,5,0,1,10
1986/87,6,Thomas Hörster,32,9,0,0,9
1986/87,7,Markus Schupp,31,9,0,0,9
1986/87,8,Rob Reekers,28,4,0,1,9
1986/87,9,Manfred Bockenfeld,29,4,0,1,9
1986/87,10,Thomas Zechel,20,4,0,1,9
1986/87,11,René Vandereycken,24,4,0,1,9
1986/87,12,Lothar Woelk,32,8,0,0,8
1986/87,13,Günter Kutowski,32,8,0,0,8
1986/87,14,Herbert Hoos,26,3,0,1,8
1986/87,15,Jörg Neun,32,7,0,0,7
1986/87,16,Florian Hinterberger,22,7,0,0,7
1986/87,17,Michael Zorc,32,7,0,0,7
1986/87,18,Paul Steiner,33,7,0,0,7
1986/87,19,Matthias Herget,27,7,0,0,7
1986/87,20,Egon Flad,30,7,0,0,7
1986/87,21,Hans Werner Moser,31,7,0,0,7
1986/87,22,Mathias Schipper,23,7,0,0,7
1986/87,23,Andreas Kaiser,30,7,0,0,7
1986/87,24,Karl-Heinz Bührer,32,7,0,0,7
1986/87,25,Jürgen Kohler,32,6,0,0,6
1987/88,1,Günther Schäfer,28,12,0,0,12
1987/88,2,Mark Hughes,18,6,0,1,11
1987/88,3,Gunnar Sauer,33,1,0,2,11
1987/88,4,Jürgen Kohler,30,10,0,0,10
1987/88,5,Hans Werner Moser,23,5,0,1,10
1987/88,6,Michael Schulz,30,9,0,0,9
1987/88,7,Karlheinz Geils,32,9,0,0,9
1987/88,8,Wolfgang Trapp,31,9,0,0,9
1987/88,9,Karl-Heinz Bührer,29,9,0,0,9
1987/88,10,Alfred Schön,28,4,0,1,9
1987/88,11,Thomas Krisp,26,4,0,1,9
1987/88,12,Günter Güttler,24,8,0,0,8
1987/88,13,Dieter Eckstein,33,3,0,1,8
1987/88,14,Matthias Herget,32,3,0,1,8
1987/88,15,Jean-Pierre de Keyser,16,3,0,1,8
1987/88,16,Heinz Knüwe,13,3,0,1,8
1987/88,17,Harald Kohr,30,3,0,1,8
1987/88,18,Carsten Marquardt,23,3,0,1,8
1987/88,19,Sergio Allievi,31,3,0,1,8
1987/88,20,Stephan Engels,25,3,0,1,8
1987/88,21,Tita,21,3,0,1,8
1987/88,22,Mirko Votava,32,7,0,0,7
1987/88,23,André Winkhold,24,7,0,0,7
1987/88,24,Franco Foda,32,7,0,0,7
1987/88,25,Mathias Kuhlmey,27,7,0,0,7
1988/89,1,Niels Schlotterbeck,22,3,0,2,13
1988/89,2,Stefan Effenberg,29,7,0,1,12
1988/89,3,Pierre Littbarski,30,7,0,1,12
1988/89,4,Gerd Dais,25,7,0,1,12
1988/89,5,Jan Kocian,28,11,0,0,11
1988/89,6,Thomas Hörster,27,6,0,1,11
1988/89,7,Rainer Zietsch,26,6,0,1,11
1988/89,8,Michael Zorc,27,6,0,1,11
1988/89,9,Bernd Krauss,27,5,0,1,10
1988/89,10,Srecko Katanec,26,5,0,1,10
1988/89,11,Franco Foda,28,0,0,2,10
1988/89,12,Axel Roos,27,9,0,0,9
1988/89,13,Wolfgang Funkel,32,9,0,0,9
1988/89,14,Manfred Bockenfeld,32,9,0,0,9
1988/89,15,Michael Frontzeck,31,9,0,0,9
1988/89,16,Ralf Sievers,28,9,0,0,9
1988/89,17,Heinz Gründel,25,9,0,0,9
1988/89,18,Detlev Dammeier,25,4,0,1,9
1988/89,19,Stefan Studer,23,4,0,1,9
1988/89,20,Reinhold Mathy,31,4,0,1,9
1988/89,21,Milorad Pilipovic,22,4,0,1,9
1988/89,22,Rob Reekers,30,8,0,0,8
1988/89,23,Armin Görtz,31,8,0,0,8
1988/89,24,Mathias Kuhlmey,26,8,0,0,8
1988/89,25,Matthias Herget,24,8,0,0,8
1989/90,1,Torsten Wohlert,31,4,0,2,14
1989/90,2,Dietmar Beiersdorfer,31,12,0,0,12
1989/90,3,Olaf Janßen,27,7,0,1,12
1989/90,4,Paul Steiner,30,10,0,0,10
1989/90,5,Andreas Ellguth,26,5,0,1,10
1989/90,6,Sergio Allievi,19,5,0,1,10
1989/90,7,Stefan Effenberg,29,9,0,0,9
1989/90,8,Michael Büskens,32,9,0,0,9
1989/90,9,Torsten Chmielewski,26,9,0,0,9
1989/90,10,Wolfgang Funkel,32,9,0,0,9
1989/90,11,Knut Reinhardt,31,9,0,0,9
1989/90,12,Joachim Philipkowski,25,4,0,1,9
1989/90,13,Jonny Otten,27,4,0,1,9
1989/90,14,Armin Görtz,27,4,0,1,9
1989/90,15,Christian Herrmann,28,4,0,1,9
1989/90,16,Walter Oswald,21,4,0,1,9
1989/90,17,Jürgen Hartmann,31,4,0,1,9
1989/90,18,Roland Dickgießer,27,4,0,1,9
1989/90,19,Michael Dahms,25,4,0,1,9
1989/90,20,Frank Greiner,20,8,0,0,8
1989/90,21,Oliver Kreuzer,32,8,0,0,8
1989/90,22,Markus Schupp,31,8,0,0,8
1989/90,23,Roland Grahammer,28,8,0,0,8
1989/90,24,Michael Zorc,32,8,0,0,8
1989/90,25,Helmut Hermann,32,8,0,0,8
1990/91,1,Andreas Kaiser,25,5,0,2,15
1990/91,2,Ralf Sievers,28,4,0,2,14
1990/91,3,Axel Kruse,24,7,0,1,12
1990/91,4,Wolfgang Funkel,24,2,0,2,12
1990/91,5,Michael Schulz,26,2,0,2,12
1990/91,6,Rainer Zietsch,22,6,0,1,11
1990/91,7,Wolfgang Rolff,20,6,0,1,11
1990/91,8,Demir Hotic,29,6,0,1,11
1990/91,9,Thomas Kempe,27,6,0,1,11
1990/91,10,Manfred Bender,33,1,0,2,11
1990/91,11,Joachim Philipkowski,13,1,0,2,11
1990/91,12,Josef Nehl,28,10,0,0,10
1990/91,13,Ioan Lupescu,29,5,0,1,10
1990/91,14,Knut Reinhardt,29,5,0,1,10
1990/91,15,Sergey Gorlukovich,27,5,0,1,10
1990/91,16,Michael Frontzeck,32,5,0,1,10
1990/91,17,Hans Werner Moser,32,5,0,1,10
1990/91,18,Jan Kocian,31,5,0,1,10
1990/91,19,Marco Kurz,24,9,0,0,9
1990/91,20,Jörg Dittwar,31,9,0,0,9
1990/91,21,Jan Halvor Halvorsen,28,9,0,0,9
1990/91,22,Matthias Sammer,30,9,0,0,9
1990/91,23,Ulf Metschies,31,9,0,0,9
1990/91,24,Bernd Hollerbach,15,4,0,1,9
1990/91,25,Dieter Schlindwein,29,4,0,1,9
1991/92,1,Oliver Kreuzer,36,10,0,2,20
1991/92,2,Matthias Sammer,33,8,2,1,19
1991/92,3,Günther Schäfer,28,5,0,2,15
1991/92,4,Kay Friedmann,36,9,0,1,14
1991/92,5,Frank Heinemann,34,9,0,1,14
1991/92,6,Detlef Schößler,35,9,0,1,14
1991/92,7,Stefan Effenberg,33,10,1,0,13
1991/92,8,Thorsten Fink,32,8,0,1,13
1991/92,9,Heiko März,35,12,0,0,12
1991/92,10,Eberhard Carl,32,12,0,0,12
1991/92,11,Hans Werner Moser,38,12,0,0,12
1991/92,12,Frank Ordenewitz,35,6,2,0,12
1991/92,13,Dieter Eckstein,36,7,0,1,12
1991/92,14,Dirk Zander,34,7,0,1,12
1991/92,15,Lothar Woelk,35,4,1,1,12
1991/92,16,Daniel Hoffmann,30,2,0,2,12
1991/92,17,Thomas Franck,27,11,0,0,11
1991/92,18,Michael Büskens,37,8,1,0,11
1991/92,19,Dietmar Beiersdorfer,34,8,1,0,11
1991/92,20,Alfons Higl,31,8,1,0,11
1991/92,21,Karsten Baumann,34,6,0,1,11
1991/92,22,Andreas Wagenhaus,27,6,0,1,11
1991/92,23,Carsten Kober,35,10,0,0,10
1991/92,24,Lars Schmidt,36,10,0,0,10
1991/92,25,Jörg Bach,38,10,0,0,10
1992/93,1,Miroslav Stevic,29,5,0,2,15
1992/93,2,Sergey Gorlukovich,24,5,0,2,15
1992/93,3,Oliver Kreuzer,30,11,1,0,14
1992/93,4,Michael Kostner,32,11,1,0,14
1992/93,5,Thomas Kristl,28,9,0,1,14
1992/93,6,Franco Foda,31,6,1,1,14
1992/93,7,Martin Wagner,25,7,2,0,13
1992/93,8,Frank Mill,24,8,0,1,13
1992/93,9,Andreas Wagenhaus,21,8,0,1,13
1992/93,10,Martin Dahlin,20,5,1,1,13
1992/93,11,Bernd Eichmann,33,12,0,0,12
1992/93,12,Thomas Kempe,32,12,0,0,12
1992/93,13,Markus Kranz,27,6,2,0,12
1992/93,14,Henning Bürger,32,11,0,0,11
1992/93,15,Helmut Rahner,22,11,0,0,11
1992/93,16,Uwe Wegmann,33,11,0,0,11
1992/93,17,Sergey Kiryakov,29,8,1,0,11
1992/93,18,Eberhard Carl,31,6,0,1,11
1992/93,19,Uwe Rösler,28,3,1,1,11
1992/93,20,Ulf Kirsten,33,10,0,0,10
1992/93,21,Thomas Strunz,32,10,0,0,10
1992/93,22,Eyjólfur Sverrisson,32,10,0,0,10
1992/93,23,Jörg Schwanke,28,10,0,0,10
1992/93,24,Guido Buchwald,33,7,1,0,10
1992/93,25,Stefan Emmerling,30,5,0,1,10
1993/94,1,Thomas Rath,26,8,1,1,16
1993/94,2,Matthias Maucksch,31,7,1,1,15
1993/94,3,Thomas Berthold,31,6,1,1,14
1993/94,4,Sven Kmetsch,27,4,0,2,14
1993/94,5,Markus Kranz,25,10,1,0,13
1993/94,6,Mario Basler,29,3,0,2,13
1993/94,7,Uwe Trommer,26,9,1,0,12
1993/94,8,Torsten Wohlert,31,7,0,1,12
1993/94,9,Torsten Kracht,20,7,0,1,12
1993/94,10,Nico Däbritz,24,7,0,1,12
1993/94,11,Stefan Böger,27,7,0,1,12
1993/94,12,Toni Polster,25,7,0,1,12
1993/94,13,Helmut Gabriel,28,4,1,1,12
1993/94,14,Wolfgang Rolff,24,4,1,1,12
1993/94,15,Jörg Bach,31,4,1,1,12
1993/94,16,Oliver Kreuzer,31,11,0,0,11
1993/94,17,Manfred Schwabl,31,8,1,0,11
1993/94,18,Matthias Sammer,29,8,1,0,11
1993/94,19,Rico Steinmann,27,6,0,1,11
1993/94,20,Slaven Bilic,26,5,2,0,11
1993/94,21,Knut Reinhardt,25,10,0,0,10
1993/94,22,Uwe Wolf,25,7,1,0,10
1993/94,23,Maximilian Heidenreich,32,7,1,0,10
1993/94,24,Valdas Ivanauskas,27,5,0,1,10
1993/94,25,Uwe Neuhaus,21,5,0,1,10
1994/95,1,Jens Nowotny,26,12,0,1,17
1994/95,2,Bernhard Trares,31,6,2,1,17
1994/95,3,Burkhard Reich,27,8,1,1,16
1994/95,4,Dirk Schuster,31,12,1,0,15
1994/95,5,Manfred Schwabl,27,7,1,1,15
1994/95,6,Thomas Strunz,22,9,0,1,14
1994/95,7,Bernhard Winkler,26,6,1,1,14
1994/95,8,Bernd Schuster,23,6,1,1,14
1994/95,9,Thomas Berthold,29,10,1,0,13
1994/95,10,Stefan Effenberg,30,10,1,0,13
1994/95,11,Max Eberl,21,12,0,0,12
1994/95,12,Slaven Bilic,28,9,1,0,12
1994/95,13,Olaf Thon,26,6,0,1,11
1994/95,14,Thomas Schneider,16,6,0,1,11
1994/95,15,Júlio César,25,6,0,1,11
1994/95,16,Valdas Ivanauskas,27,3,1,1,11
1994/95,17,Thorsten Fink,31,10,0,0,10
1994/95,18,Christian Ziege,29,10,0,0,10
1994/95,19,Jörg Schwanke,15,10,0,0,10
1994/95,20,Helmut Rahner,29,10,0,0,10
1994/95,21,Steffen Freund,28,10,0,0,10
1994/95,22,Frank Neubarth,28,10,0,0,10
1994/95,23,Michael Frontzeck,28,10,0,0,10
1994/95,24,Lars Schmidt,21,10,0,0,10
1994/95,25,Youri Mulder,29,5,0,1,10
1995/96,1,Olaf Bodden,31,8,0,2,18
1995/96,2,Stefan Effenberg,31,8,1,1,16
1995/96,3,André Winkhold,29,8,1,1,16
1995/96,4,Jürgen Kohler,29,10,0,1,15
1995/96,5,Stephan Paßlack,32,14,0,0,14
1995/96,6,Markus Schupp,30,11,1,0,14
1995/96,7,Dirk Schuster,31,9,0,1,14
1995/96,8,Rodrigo Chagas,27,4,0,2,14
1995/96,9,Hendrik Herzog,30,13,0,0,13
1995/96,10,Jens Jeremies,29,10,1,0,13
1995/96,11,Michael Tarnat,30,10,1,0,13
1995/96,12,Erik Meijer,32,9,1,0,12
1995/96,13,Thomas Helmer,32,7,0,1,12
1995/96,14,Martin Wagner,27,11,0,0,11
1995/96,15,André Trulsen,32,11,0,0,11
1995/96,16,Matthias Hamann,22,11,0,0,11
1995/96,17,Steffen Freund,30,11,0,0,11
1995/96,18,Ulf Kirsten,29,8,1,0,11
1995/96,19,Thorsten Fink,29,8,1,0,11
1995/96,20,Sergey Kiryakov,29,6,0,1,11
1995/96,21,Júnior Baiano,32,6,0,1,11
1995/96,22,Youri Mulder,33,10,0,0,10
1995/96,23,Uwe Bindewald,29,10,0,0,10
1995/96,24,Christian Ziege,33,10,0,0,10
1995/96,25,Ioan Lupescu,30,10,0,0,10
1996/97,1,Jens Jeremies,27,9,1,1,17
1996/97,2,Torsten Kracht,29,9,2,0,15
1996/97,3,Jiri Nemec,30,9,0,1,14
1996/97,4,André Trulsen,31,10,1,0,13
1996/97,5,Michael Kostner,26,10,1,0,13
1996/97,6,Gerhard Poschner,28,8,0,1,13
1996/97,7,Sven Kmetsch,32,9,1,0,12
1996/97,8,Ralf Hauptmann,28,7,0,1,12
1996/97,9,Torsten Wohlert,27,7,0,1,12
1996/97,10,Christian Nerlinger,32,11,0,0,11
1996/97,11,Rob Maas,32,11,0,0,11
1996/97,12,Andreas Herzog,29,11,0,0,11
1996/97,13,Matthias Hagner,32,11,0,0,11
1996/97,14,Zé Elias,23,11,0,0,11
1996/97,15,Sunday Oliseh,30,8,1,0,11
1996/97,16,Bernhard Trares,31,8,1,0,11
1996/97,17,Erik Meijer,32,8,1,0,11
1996/97,18,Lothar Matthäus,28,8,1,0,11
1996/97,19,Stephan Hanke,31,8,1,0,11
1996/97,20,Giovane Élber,31,5,2,0,11
1996/97,21,Dieter Frey,21,6,0,1,11
1996/97,22,Frank Verlaat,27,6,0,1,11
1996/97,23,Thomas Stickroth,30,6,0,1,11
1996/97,24,Thomas Rath,19,3,1,1,11
1996/97,25,Stefan Reuter,27,10,0,0,10
1997/98,1,Stefan Effenberg,28,15,1,0,18
1997/98,2,Christian Wörns,29,10,0,1,15
1997/98,3,Marijan Kovacevic,32,13,0,0,13
1997/98,4,Jens Todt,31,10,1,0,13
1997/98,5,Thomas Cichon,24,9,1,0,12
1997/98,6,Jiri Nemec,28,9,1,0,12
1997/98,7,Hendrik Herzog,27,9,1,0,12
1997/98,8,Olaf Schreiber,27,9,1,0,12
1997/98,9,Stefan Emmerling,28,7,0,1,12
1997/98,10,Torsten Kracht,28,6,2,0,12
1997/98,11,Bernd Hollerbach,23,11,0,0,11
1997/98,12,Murat Yakin,23,8,1,0,11
1997/98,13,Hasan Salihamidzic,31,8,1,0,11
1997/98,14,Markus Babbel,30,6,0,1,11
1997/98,15,Ulf Kirsten,27,10,0,0,10
1997/98,16,Jens Jeremies,22,10,0,0,10
1997/98,17,Sergej Barbarez,32,10,0,0,10
1997/98,18,Eyjólfur Sverrisson,28,10,0,0,10
1997/98,19,Torsten Wohlert,33,10,0,0,10
1997/98,20,Karsten Baumann,33,10,0,0,10
1997/98,21,Marco van Hoogdalem,28,7,1,0,10
1997/98,22,Rob Maas,24,7,1,0,10
1997/98,23,Thomas Linke,31,5,0,1,10
1997/98,24,Dietmar Hamann,28,5,0,1,10
1997/98,25,Marc Keller,28,5,0,1,10
1998/99,1,Tomasz Hajto,29,16,0,0,16
1998/99,2,Youri Mulder,26,9,0,1,14
1998/99,3,Dietmar Hirsch,29,13,0,0,13
1998/99,4,Miran Pavlin,29,13,0,0,13
1998/99,5,Miroslav Stevic,31,10,1,0,13
1998/99,6,Stefan Emmerling,23,5,1,1,13
1998/99,7,Alexander Schur,30,12,0,0,12
1998/99,8,Fabian Ernst,29,9,1,0,12
1998/99,9,Hendrik Herzog,26,9,1,0,12
1998/99,10,Uwe Bindewald,32,9,1,0,12
1998/99,11,Axel Sundermann,31,9,1,0,12
1998/99,12,Abder Ramdane,19,7,0,1,12
1998/99,13,Jens Todt,20,7,0,1,12
1998/99,14,Thomas Berthold,22,11,0,0,11
1998/99,15,Jiri Nemec,27,11,0,0,11
1998/99,16,Bernd Hollerbach,29,11,0,0,11
1998/99,17,Markus Osthoff,24,11,0,0,11
1998/99,18,Bernhard Winkler,24,8,1,0,11
1998/99,19,Roy Präger,29,6,0,1,11
1998/99,20,Dariusz Wosz,31,6,0,1,11
1998/99,21,Frank Verlaat,29,6,0,1,11
1998/99,22,Igor Pamic,10,3,1,1,11
1998/99,23,Michael Ballack,30,10,0,0,10
1998/99,24,Markus Babbel,27,10,0,0,10
1998/99,25,Frank Greiner,31,10,0,0,10
1999/00,1,Dietmar Hirsch,25,10,0,2,20
1999/00,2,Torsten Wohlert,29,10,1,1,18
1999/00,3,Jiri Nemec,29,13,1,0,16
1999/00,4,Tomasz Hajto,26,11,0,1,16
1999/00,5,Alexander Schur,26,10,2,0,16
1999/00,6,Ionel Ganea,29,8,1,1,16
1999/00,7,Boubacar Diarra,27,9,0,1,14
1999/00,8,DedêLinker Verteidiger,24,6,1,1,14
1999/00,9,Robert Kovac,27,13,0,0,13
1999/00,10,Samuel Kuffour,18,5,1,1,13
1999/00,11,Roy Präger,32,12,0,0,12
1999/00,12,Eyjólfur Sverrisson,28,12,0,0,12
1999/00,13,Markus Osthoff,26,12,0,0,12
1999/00,14,Victor Agali,22,7,0,1,12
1999/00,15,Yuriy Maksymov,29,7,0,1,12
1999/00,16,Jens Keller,24,8,1,0,11
1999/00,17,Thomas Berthold,23,8,1,0,11
1999/00,18,Bernd Hollerbach,21,8,1,0,11
1999/00,19,Marian Hristov,22,6,0,1,11
1999/00,20,Ingo Hertzsch,31,6,0,1,11
1999/00,21,Holger Greilich,20,6,0,1,11
1999/00,22,Marco Kurz,26,10,0,0,10
1999/00,23,Frank Greiner,29,10,0,0,10
1999/00,24,Sven Benken,24,7,1,0,10
1999/00,25,Boris Zivkovic,23,5,0,1,10
2000/01,1,Sergej Barbarez,31,11,1,1,19
2000/01,2,Moses Sichone,26,8,0,2,18
2000/01,3,Bernd Hollerbach,27,14,1,0,17
2000/01,4,Jörg Böhme,30,10,0,1,15
2000/01,5,Robert Kovac,31,11,1,0,14
2000/01,6,Torsten Kracht,32,9,0,1,14
2000/01,7,Torsten Frings,30,13,0,0,13
2000/01,8,Michael Ballack,27,10,1,0,13
2000/01,9,Dimitrios Grammozis,23,8,0,1,13
2000/01,10,Evanilson,28,8,0,1,13
2000/01,11,Stefan Effenberg,20,8,0,1,13
2000/01,12,Jörg Heinrich,30,5,1,1,13
2000/01,13,Sven Benken,22,5,1,1,13
2000/01,14,Carsten Ramelow,32,12,0,0,12
2000/01,15,René Rydlewicz,30,12,0,0,12
2000/01,16,Marcus Lantz,26,9,1,0,12
2000/01,17,Yıldıray Baştürk,29,6,2,0,12
2000/01,18,Jens Nowotny,28,11,0,0,11
2000/01,19,Christian Springer,29,8,1,0,11
2000/01,20,Sebastian Kehl,25,8,1,0,11
2000/01,21,Alexander Schur,24,8,1,0,11
2000/01,22,Daniel Borimirov,25,8,1,0,11
2000/01,23,Harry Koch,28,6,0,1,11
2000/01,24,Sebastian Deisler,25,5,2,0,11
2000/01,25,Martin Stranzl,22,5,2,0,11
2001/02,1,Steffen Korell,29,10,1,1,18
2001/02,2,Michael Ballack,29,12,1,0,15
2001/02,3,Vragel da Silva,26,10,0,1,15
2001/02,4,Silvio Meißner,26,9,0,1,14
2001/02,5,Tomasz Kos,27,8,2,0,14
2001/02,6,Ingo Hertzsch,29,4,0,2,14
2001/02,7,Sebastian Helbig,23,10,1,0,13
2001/02,8,Dick van Burik,28,8,0,1,13
2001/02,9,Thomas Meggle,31,8,0,1,13
2001/02,10,Maik Franz,23,5,1,1,13
2001/02,11,Carsten Ramelow,32,12,0,0,12
2001/02,12,Bernd Hollerbach,29,12,0,0,12
2001/02,13,Yıldıray Baştürk,30,12,0,0,12
2001/02,14,Mladen Krstajic,26,6,2,0,12
2001/02,15,Vidar Riseth,19,4,1,1,12
2001/02,16,Marcelo Bordon,28,3,3,0,12
2001/02,17,Sergej Barbarez,24,11,0,0,11
2001/02,18,Diego Placente,32,8,1,0,11
2001/02,19,Jens Nowotny,29,6,0,1,11
2001/02,20,Sebastian Kehl,30,6,0,1,11
2001/02,21,Jochen Kientz,21,6,0,1,11
2001/02,22,Ulf Kirsten,32,10,0,0,10
2001/02,23,Evanilson,27,10,0,0,10
2001/02,24,René Rydlewicz,32,10,0,0,10
2001/02,25,Levan Kobiashvili,31,10,0,0,10
2002/03,1,Marco Kurz,26,8,1,1,16
2002/03,2,Bernd Hollerbach,25,14,0,0,14
2002/03,3,Stefan Schnoor,31,14,0,0,14
2002/03,4,Steffen Korell,19,6,1,1,14
2002/03,5,Gustavo Varela,23,6,1,1,14
2002/03,6,Johan Micoud,28,6,1,1,14
2002/03,7,Tomasz Hajto,29,10,1,0,13
2002/03,8,Diego Placente,23,8,0,1,13
2002/03,9,Bernd Schneider,28,8,0,1,13
2002/03,10,Boris Zivkovic,30,9,1,0,12
2002/03,11,Marcus Lantz,28,7,0,1,12
2002/03,12,Torsten Frings,31,6,2,0,12
2002/03,13,Max Eberl,27,7,0,1,12
2002/03,14,Rodrigo Costa,26,7,0,1,12
2002/03,15,Sebastian Kehl,28,11,0,0,11
2002/03,16,Fabian Ernst,31,8,1,0,11
2002/03,17,Robson PontéOffensives Mittelfeld,30,6,0,1,11
2002/03,18,Sergej Barbarez,24,5,2,0,11
2002/03,19,Tomas Ujfalusi,31,6,0,1,11
2002/03,20,Martin Petrov,26,6,0,1,11
2002/03,21,Thomas Rytter,26,6,0,1,11
2002/03,22,Rade Prica,27,6,0,1,11
2002/03,23,Rüdiger Kauf,31,10,0,0,10
2002/03,24,Silvio Meißner,28,7,1,0,10
2002/03,25,Ciriaco Sforza,23,7,1,0,10
2003/04,1,Roman Tyce,29,10,0,1,15
2003/04,2,Stefan Schnoor,31,11,1,0,14
2003/04,3,Michael Ballack,28,8,2,0,14
2003/04,4,Julian de Guzmán,30,8,2,0,14
2003/04,5,Marian Hristov,31,10,1,0,13
2003/04,6,Thomas Brdaric,28,8,0,1,13
2003/04,7,Maik Franz,23,8,0,1,13
2003/04,8,Alexander Schur,31,12,0,0,12
2003/04,9,Moses Sichone,23,7,0,1,12
2003/04,10,Martin Stranzl,23,7,0,1,12
2003/04,11,Diego Placente,27,4,1,1,12
2003/04,12,Thomas Riedl,21,11,0,0,11
2003/04,13,Rodrigo Costa,30,11,0,0,11
2003/04,14,Andrés D'Alessandro,29,8,1,0,11
2003/04,15,Arne Friedrich,30,6,0,1,11
2003/04,16,Nando Rafael,24,6,0,1,11
2003/04,17,Mohamadou Idrissou,26,3,1,1,11
2003/04,18,Carsten Ramelow,31,10,0,0,10
2003/04,19,Bernd Hollerbach,13,10,0,0,10
2003/04,20,Pál Dárdai,29,10,0,0,10
2003/04,21,Zvonimir Soldo,33,10,0,0,10
2003/04,22,Chris,25,10,0,0,10
2003/04,23,René Rydlewicz,28,7,1,0,10
2003/04,24,Steven Cherundolo,29,7,1,0,10
2003/04,25,Hasan Salihamidzic,33,5,0,1,10
2004/05,1,Kevin Hofland,27,13,1,0,16
2004/05,2,Sergej Barbarez,30,9,0,1,14
2004/05,3,Rade Prica,29,10,1,0,13
2004/05,4,Mario Cantaluppi,26,10,1,0,13
2004/05,5,Dimitrios Grammozis,13,3,0,2,13
2004/05,6,Carsten Ramelow,31,11,0,0,11
2004/05,7,Niko Kovac,30,11,0,0,11
2004/05,8,Jeff Strasser,28,8,1,0,11
2004/05,9,Christian Poulsen,32,8,1,0,11
2004/05,10,Khalid Boulahrouz,24,8,1,0,11
2004/05,11,Tomasz Hajto,17,6,0,1,11
2004/05,12,Martin Stranzl,29,6,0,1,11
2004/05,13,Silvio Meißner,28,10,0,0,10
2004/05,14,Marcus Lantz,30,10,0,0,10
2004/05,15,Marcel Maltritz,27,10,0,0,10
2004/05,16,Stefan Schnoor,26,10,0,0,10
2004/05,17,Cacau,32,7,1,0,10
2004/05,18,Christian Wörns,29,5,0,1,10
2004/05,19,Bernd Korzynietz,20,5,0,1,10
2004/05,20,Ludovic Magnin,25,5,0,1,10
2004/05,21,Nelson Haedo Valdez,27,5,0,1,10
2004/05,22,Stefan Beinlich,29,9,0,0,9
2004/05,23,Josip Simunic,30,9,0,0,9
2004/05,24,Levan Kobiashvili,32,9,0,0,9
2004/05,25,Zvonimir Soldo,32,9,0,0,9
2005/06,1,Christian Poulsen,28,13,2,0,19
2005/06,2,Diego Klimowicz,26,7,1,1,15
2005/06,3,Altin Lala,29,8,2,0,14
2005/06,4,Michael Thurk,32,12,0,0,12
2005/06,5,Javier Pinola,25,12,0,0,12
2005/06,6,Josip Simunic,18,9,1,0,12
2005/06,7,Tobias Willi,25,7,0,1,12
2005/06,8,Milorad Pekovic,24,11,0,0,11
2005/06,9,Kevin Hofland,19,8,1,0,11
2005/06,10,Alexander Madlung,22,3,1,1,11
2005/06,11,Michael Ballack,26,10,0,0,10
2005/06,12,Christoph Dabrowski,32,10,0,0,10
2005/06,13,Tim Borowski,31,10,0,0,10
2005/06,14,David Jarolím,31,10,0,0,10
2005/06,15,Torsten Frings,28,7,1,0,10
2005/06,16,Eugen Polanski,21,7,1,0,10
2005/06,17,Albert Streit,30,5,0,1,10
2005/06,18,Jeff Strasser,26,9,0,0,9
2005/06,19,Sergej Barbarez,33,9,0,0,9
2005/06,20,Christian Tiffert,28,9,0,0,9
2005/06,21,Christian Schulz,30,9,0,0,9
2005/06,22,Lukas Podolski,32,9,0,0,9
2005/06,23,Markus Kurth,31,6,1,0,9
2005/06,24,Fabian Ernst,32,6,1,0,9
2005/06,25,Andreas Neuendorf,25,6,1,0,9
2006/07,1,David Jarolím,30,13,1,0,16
2006/07,2,Josip Simunic,25,4,2,1,15
2006/07,3,Andreas Wolf,32,14,0,0,14
2006/07,4,Tomasz Zdebel,32,13,0,0,13
2006/07,5,Aleksandar Vasoski,26,0,1,2,13
2006/07,6,Kevin Hofland,30,12,0,0,12
2006/07,7,Tom van der Leegte,32,12,0,0,12
2006/07,8,Michael Tarnat,28,7,0,1,12
2006/07,9,Marco Rose,29,7,0,1,12
2006/07,10,Sascha Dum,22,7,0,1,12
2006/07,11,Paul Freier,31,4,1,1,12
2006/07,12,Thomas Hitzlsperger,30,4,1,1,12
2006/07,13,Steve Gohouri,14,4,1,1,12
2006/07,14,Karim Haggui,24,11,0,0,11
2006/07,15,Frank Fahrenhorst,26,6,0,1,11
2006/07,16,Timo Rost,31,10,0,0,10
2006/07,17,Mark van Bommel,29,10,0,0,10
2006/07,18,Marc-André Kruska,31,10,0,0,10
2006/07,19,Marcel Maltritz,31,7,1,0,10
2006/07,20,Daniel Ziebig,24,7,1,0,10
2006/07,21,Alexander Klitzpera,24,5,0,1,10
2006/07,22,Tomas Galasek,32,5,0,1,10
2006/07,23,Sérgio da Silva Pinto,29,9,0,0,9
2006/07,24,Torsten Frings,33,9,0,0,9
2006/07,25,Hanno Balitsch,33,9,0,0,9
2007/08,1,Mihai Tararache,31,13,1,0,16
2007/08,2,Grafite,24,9,0,1,14
2007/08,3,David Jarolím,28,8,0,1,13
2007/08,4,Mark van Bommel,27,7,2,0,13
2007/08,5,Sérgio da Silva Pinto,20,3,0,2,13
2007/08,6,Fernando Meira,28,3,0,2,13
2007/08,7,Jermaine Jones,30,9,1,0,12
2007/08,8,Pável Pardo,29,4,1,1,12
2007/08,9,Tomasz Zdebel,26,11,0,0,11
2007/08,10,Stanislav Angelov,31,11,0,0,11
2007/08,11,Andreas Wolf,30,8,1,0,11
2007/08,12,Stefan Kießling,31,6,0,1,11
2007/08,13,Hanno Balitsch,29,10,0,0,10
2007/08,14,Igor Mitreski,32,7,1,0,10
2007/08,15,Blagoy Georgiev,31,5,0,1,10
2007/08,16,Ivica Grlic,28,9,0,0,9
2007/08,17,Enrico Kern,32,9,0,0,9
2007/08,18,Maik Franz,29,9,0,0,9
2007/08,19,Christian Bassila,23,9,0,0,9
2007/08,20,Gonzalo Castro,33,9,0,0,9
2007/08,21,Christian Wörns,20,6,1,0,9
2007/08,22,Jörg Böhme,22,6,1,0,9
2007/08,23,JosuéDefensives Mittelfeld,30,6,1,0,9
2007/08,24,Björn Schlicke,27,4,0,1,9
2007/08,25,Diego,30,4,0,1,9
2008/09,1,Luiz Gustavo,28,11,2,0,17
2008/09,2,Chris,19,7,0,2,17
2008/09,3,Patrick Ochs,30,11,0,1,16
2008/09,4,Arturo Vidal,29,10,2,0,16
2008/09,5,Jermaine Jones,30,9,2,0,15
2008/09,6,Mark van Bommel,29,11,1,0,14
2008/09,7,Rafinha,30,13,0,0,13
2008/09,8,David Jarolím,31,10,1,0,13
2008/09,9,Christoph Dabrowski,31,9,1,0,12
2008/09,10,Gonzalo Castro,27,9,1,0,12
2008/09,11,Andreas Beck,30,9,1,0,12
2008/09,12,Hanno Balitsch,30,11,0,0,11
2008/09,13,Daniel Ziebig,29,8,1,0,11
2008/09,14,Jérôme Boateng,21,8,1,0,11
2008/09,15,Orlando Engelaar,25,3,1,1,11
2008/09,16,Sejad Salihovic,29,10,0,0,10
2008/09,17,Çağdaş Atan,28,10,0,0,10
2008/09,18,Petit,31,10,0,0,10
2008/09,19,Maik Franz,15,7,1,0,10
2008/09,20,Youssef Mohamad,30,5,0,1,10
2008/09,21,Sérgio da Silva Pinto,23,9,0,0,9
2008/09,22,Paul Freier,28,9,0,0,9
2008/09,23,Cícero,33,9,0,0,9
2008/09,24,Fabian Ernst,15,4,0,1,9
2008/09,25,Massimo Oddo,18,4,0,1,9
2009/10,1,Maniche,26,11,0,1,16
2009/10,2,Arturo Vidal,31,14,0,0,14
2009/10,3,Selim Teber,29,11,1,0,14
2009/10,4,Josip Simunic,31,13,0,0,13
2009/10,5,Sejad Salihovic,32,13,0,0,13
2009/10,6,Maik Franz,27,10,1,0,13
2009/10,7,Torsten Frings,30,8,0,1,13
2009/10,8,Pedro Geromel,29,7,0,1,12
2009/10,9,Mark van Bommel,25,11,0,0,11
2009/10,10,Petit,32,11,0,0,11
2009/10,11,Patrick Ochs,28,6,0,1,11
2009/10,12,Andreas Ivanschitz,27,6,0,1,11
2009/10,13,Luiz Gustavo,27,3,1,1,11
2009/10,14,Rafinha,31,10,0,0,10
2009/10,15,Timo Gebhart,28,10,0,0,10
2009/10,16,JosuéDefensives Mittelfeld,31,10,0,0,10
2009/10,17,Hanno Balitsch,27,7,1,0,10
2009/10,18,Florian Heller,30,5,0,1,10
2009/10,19,Dante,32,5,0,1,10
2009/10,20,Youssef Mohamad,31,5,0,1,10
2009/10,21,Daniel Schwaab,27,5,0,1,10
2009/10,22,David Jarolím,33,9,0,0,9
2009/10,23,Javier Pinola,33,9,0,0,9
2009/10,24,Raffael,31,9,0,0,9
2009/10,25,Tobias Levels,32,9,0,0,9
2010/11,1,Andreas Wolf,30,11,1,0,14
2010/11,2,Maik Franz,23,13,0,0,13
2010/11,3,Markus Thorandt,29,8,0,1,13
2010/11,4,Matthieu Delpierre,18,3,0,2,13
2010/11,5,Karim Haggui,25,3,0,2,13
2010/11,6,Martin Lanig,28,12,0,0,12
2010/11,7,Srdjan Lakic,31,7,0,1,12
2010/11,8,Sérgio da Silva Pinto,31,11,0,0,11
2010/11,9,Sejad Salihovic,26,8,1,0,11
2010/11,10,Manuel Schmiedebach,32,8,1,0,11
2010/11,11,Benedikt Höwedes,30,3,1,1,11
2010/11,12,David Jarolím,24,10,0,0,10
2010/11,13,Eugen Polanski,28,10,0,0,10
2010/11,14,Patrick Ochs,29,7,1,0,10
2010/11,15,Philipp Bargfrede,28,7,1,0,10
2010/11,16,Florian Dick,27,9,0,0,9
2010/11,17,Marco Reus,32,9,0,0,9
2010/11,18,Georgios Tzavellas,25,9,0,0,9
2010/11,19,Arne Friedrich,15,6,1,0,9
2010/11,20,Steven Cherundolo,33,6,1,0,9
2010/11,21,Neven Subotic,31,6,1,0,9
2010/11,22,Tim Wiese,29,4,0,1,9
2010/11,23,Sebastian Schachten,13,4,0,1,9
2010/11,24,Sebastian Rode,11,4,0,1,9
2010/11,25,Christian Tiffert,33,8,0,0,8
2011/12,1,Sokratis,30,13,1,0,16
2011/12,2,Miso Brecko,27,6,0,2,16
2011/12,3,Jermaine Jones,20,14,0,0,14
2011/12,4,Andreas Beck,31,13,0,0,13
2011/12,5,Christian Lell,28,10,1,0,13
2011/12,6,Kyriakos Papadopoulos,29,10,1,0,13
2011/12,7,Michal Kadlec,29,5,1,1,13
2011/12,8,Cristian Molinaro,23,5,1,1,13
2011/12,9,Sereno,25,7,0,1,12
2011/12,10,Levan Kobiashvili,31,4,1,1,12
2011/12,11,Sérgio da Silva Pinto,30,11,0,0,11
2011/12,12,Clemens Fritz,32,11,0,0,11
2011/12,13,Florian Dick,32,11,0,0,11
2011/12,14,Markus Feulner,28,10,0,0,10
2011/12,15,Marvin Compper,30,5,0,1,10
2011/12,16,Timothy Chandler,30,5,0,1,10
2011/12,17,David Jarolím,22,9,0,0,9
2011/12,18,Martin Lanig,31,9,0,0,9
2011/12,19,Tomas Pekhart,31,6,1,0,9
2011/12,20,Raffael,31,4,0,1,9
2011/12,21,Gonzalo Castro,31,4,0,1,9
2011/12,22,Sebastian Langkamp,26,4,0,1,9
2011/12,23,Mato Jajalo,31,4,0,1,9
2011/12,24,Rodnei,22,4,0,1,9
2011/12,25,Sebastian Kehl,27,8,0,0,8
2012/13,1,Vedad Ibisevic,30,10,0,1,15
2012/13,2,Ömer Toprak,26,8,0,1,13
2012/13,3,Marko Arnautovic,26,9,1,0,12
2012/13,4,JosuéDefensives Mittelfeld,16,7,0,1,12
2012/13,5,Kevin Vogt,28,7,0,1,12
2012/13,6,Oliver Fink,26,4,1,1,12
2012/13,7,Julian Schuster,31,11,0,0,11
2012/13,8,Stefan Reinartz,29,11,0,0,11
2012/13,9,Carlos Zambrano,30,11,0,0,11
2012/13,10,Julian Baumgartlinger,32,8,1,0,11
2012/13,11,Thomas Kleine,22,6,0,1,11
2012/13,12,Jermaine Jones,25,6,0,1,11
2012/13,13,Martin Harnik,30,5,2,0,11
2012/13,14,Javier Pinola,28,10,0,0,10
2012/13,15,Daniel Caligiuri,29,10,0,0,10
2012/13,16,Sérgio da Silva Pinto,30,7,1,0,10
2012/13,17,Milorad Pekovic,18,7,1,0,10
2012/13,18,Martin Stranzl,26,5,0,1,10
2012/13,19,Christian Wetklo,31,5,0,1,10
2012/13,20,Eugen Polanski,23,5,0,1,10
2012/13,21,Gotoku Sakai,27,5,0,1,10
2012/13,22,Sejad Salihovic,20,2,1,1,10
2012/13,23,Adam Bodzek,29,9,0,0,9
2012/13,24,Robbie Kruse,30,9,0,0,9
2012/13,25,Roberto Firmino,33,9,0,0,9
2013/14,1,Szabolcs Huszti,30,10,0,1,15
2013/14,2,Luiz Gustavo,29,6,3,0,15
2013/14,3,Granit Xhaka,28,11,1,0,14
2013/14,4,Emir Spahic,27,9,0,1,14
2013/14,5,Carlos Zambrano,30,13,0,0,13
2013/14,6,Johannes Flum,26,10,1,0,13
2013/14,7,Javier Pinola,20,5,1,1,13
2013/14,8,Santiago García,22,9,1,0,12
2013/14,9,Jérôme Boateng,25,6,0,1,11
2013/14,10,Franco Di Santo,23,6,0,1,11
2013/14,11,Norman Theuerkauf,29,10,0,0,10
2013/14,12,André Hahn,32,10,0,0,10
2013/14,13,Tolgay Arslan,32,10,0,0,10
2013/14,14,Emanuel Pogatetz,23,7,1,0,10
2013/14,15,Marcelo,24,5,0,1,10
2013/14,16,Eugen Polanski,32,9,0,0,9
2013/14,17,Matthias Ostrzolek,33,9,0,0,9
2013/14,18,Emre Can,29,9,0,0,9
2013/14,19,Martin Stranzl,30,6,1,0,9
2013/14,20,Vedad Ibisevic,27,4,0,1,9
2013/14,21,Georg Niedermeier,18,4,0,1,9
2013/14,22,Rafinha,28,4,0,1,9
2013/14,23,Mats Hummels,23,4,0,1,9
2013/14,24,Benedikt Höwedes,19,1,1,1,9
2013/14,25,Christoph Kramer,33,8,0,0,8
2014/15,1,Granit Xhaka,30,10,1,0,13
2014/15,2,Haris Seferovic,32,8,0,1,13
2014/15,3,Valon Behrami,22,7,0,1,12
2014/15,4,Luiz Gustavo,31,11,0,0,11
2014/15,5,Marco Höger,26,11,0,0,11
2014/15,6,Emir Spahic,22,5,2,0,11
2014/15,7,Tin Jedvaj,22,6,0,1,11
2014/15,8,Rafael van der Vaart,24,10,0,0,10
2014/15,9,Ömer Toprak,29,10,0,0,10
2014/15,10,Dominik Kohr,26,10,0,0,10
2014/15,11,Lars Stindl,21,7,1,0,10
2014/15,12,Carlos Zambrano,17,7,1,0,10
2014/15,13,Klaas-Jan Huntelaar,28,5,0,1,10
2014/15,14,Matthias Lehmann,32,9,0,0,9
2014/15,15,Neven Subotic,28,9,0,0,9
2014/15,16,Sebastian Rudy,29,9,0,0,9
2014/15,17,Pavel Krmas,22,6,1,0,9
2014/15,18,Ceyhun Gülselam,18,6,1,0,9
2014/15,19,Jaroslav DrobnýTorwart,23,4,0,1,9
2014/15,20,Georg Niedermeier,22,4,0,1,9
2014/15,21,Daniel Brosinski,32,4,0,1,9
2014/15,22,Raúl Bobadilla,32,4,0,1,9
2014/15,23,Kevin Wimmer,32,4,0,1,9
2014/15,24,Martin Harnik,28,1,1,1,9
2014/15,25,Nico Schulz,28,1,1,1,9
2015/16,1,Granit Xhaka,28,5,2,1,16
2015/16,2,Clemens Fritz,29,13,0,0,13
2015/16,3,Peter Niemeyer,31,13,0,0,13
2015/16,4,Sebastian Rudy,24,8,0,1,13
2015/16,5,Giulio Donati,23,8,0,1,13
2015/16,6,Dominik Kohr,31,12,0,0,12
2015/16,7,Wendell,28,9,1,0,12
2015/16,8,Emir Spahic,26,7,0,1,12
2015/16,9,Caiuby,26,11,0,0,11
2015/16,10,Sandro Wagner,32,8,1,0,11
2015/16,11,Carlos Zambrano,24,8,1,0,11
2015/16,12,Daniel Didavi,31,8,1,0,11
2015/16,13,Geoffroy Serey DiéDefensives Mittelfeld,23,8,1,0,11
2015/16,14,Pascal GroßZentrales Mittelfeld,32,8,1,0,11
2015/16,15,Haris Seferovic,29,10,0,0,10
2015/16,16,Johan Djourou,26,7,1,0,10
2015/16,17,Dante,24,4,2,0,10
2015/16,18,Vedad Ibisevic,26,5,0,1,10
2015/16,19,Julian Draxler,24,5,0,1,10
2015/16,20,Marco Russ,28,9,0,0,9
2015/16,21,Per Ciljan Skjelbred,31,9,0,0,9
2015/16,22,Makoto Hasebe,32,9,0,0,9
2015/16,23,Jérôme Gondorf,33,9,0,0,9
2015/16,24,Santiago García,29,9,0,0,9
2015/16,25,Mathew Leckie,32,9,0,0,9
2016/17,1,Dominik Kohr,26,12,1,0,15
2016/17,2,Jean-Philippe Gbamin,25,4,2,1,15
2016/17,3,Jhon Córdoba,29,8,0,1,13
2016/17,4,Omar Mascarell,28,12,0,0,12
2016/17,5,Nabil Bentaleb,32,12,0,0,12
2016/17,6,Stefan Bell,31,9,1,0,12
2016/17,7,Timothy Chandler,32,7,0,1,12
2016/17,8,Wendell,32,8,1,0,11
2016/17,9,Jeffrey Bruma,20,6,0,1,11
2016/17,10,Markus Suttner,31,10,0,0,10
2016/17,11,Benjamin Hübner,25,10,0,0,10
2016/17,12,Marco Fabián,24,10,0,0,10
2016/17,13,Ante RebićLinksaußen,24,10,0,0,10
2016/17,14,Vedad Ibisevic,32,7,1,0,10
2016/17,15,Charles Aránguiz,26,7,1,0,10
2016/17,16,Willi Orbán,28,7,1,0,10
2016/17,17,David Abraham,30,5,0,1,10
2016/17,18,Mathew Leckie,30,2,1,1,10
2016/17,19,Sebastian Rudy,32,9,0,0,9
2016/17,20,Maximilian Arnold,32,9,0,0,9
2016/17,21,Marcel Tisserand,28,9,0,0,9
2016/17,22,Mijat Gacinovic,28,9,0,0,9
2016/17,23,Peter Niemeyer,15,6,1,0,9
2016/17,24,Luiz Gustavo,27,6,1,0,9
2016/17,25,Dennis Diekmeier,24,6,1,0,9
2017/18,1,Kyriakos Papadopoulos,29,12,1,0,15
2017/18,2,Simon Falette,27,10,0,1,15
2017/18,3,Naby Keïta,27,7,1,1,15
2017/18,4,Santiago Ascacíbar,29,10,1,0,13
2017/18,5,Maximilian Arnold,29,8,0,1,13
2017/18,6,Gideon Jung,30,7,0,1,12
2017/18,7,Çağlar SöyüncüInnenverteidiger,26,4,1,1,12
2017/18,8,Denis Zakaria,30,11,0,0,11
2017/18,9,Dominik Kohr,28,8,1,0,11
2017/18,10,Wendell,26,6,0,1,11
2017/18,11,Pirmin Schwegler,29,10,0,0,10
2017/18,12,Josuha Guilavogui,29,7,1,0,10
2017/18,13,Sokratis,30,5,0,1,10
2017/18,14,Willi Orbán,26,5,0,1,10
2017/18,15,Giulio Donati,29,2,1,1,10
2017/18,16,Benjamin Hübner,27,9,0,0,9
2017/18,17,Kevin Vogt,31,9,0,0,9
2017/18,18,Frederik Sørensen,28,9,0,0,9
2017/18,19,Janik Haberer,33,9,0,0,9
2017/18,20,Dennis Geiger,21,9,0,0,9
2017/18,21,Nicolas Höfler,27,6,1,0,9
2017/18,22,Vedad Ibisevic,27,4,0,1,9
2017/18,23,Lucas Alario,23,4,0,1,9
2017/18,24,Guido Burgstaller,32,8,0,0,8
2017/18,25,Caiuby,33,8,0,0,8
2018/19,1,Santiago Ascacíbar,27,10,0,1,15
2018/19,2,Milos Veljkovic,23,7,2,0,13
2018/19,3,Gelson Fernandes,28,9,1,0,12
2018/19,4,Suat Serdar,26,4,1,1,12
2018/19,5,Matija NastasićInnenverteidiger,28,6,0,1,11
2018/19,6,Tim Leibold,32,6,0,1,11
2018/19,7,Kaan Ayhan,28,10,0,0,10
2018/19,8,William,31,10,0,0,10
2018/19,9,Vedad Ibisevic,28,5,0,1,10
2018/19,10,Stefan Ilsanker,19,5,0,1,10
2018/19,11,Daniel Caligiuri,31,9,0,0,9
2018/19,12,Marcel Sabitzer,30,9,0,0,9
2018/19,13,Niklas Moisander,30,6,1,0,9
2018/19,14,Adam Bodzek,21,4,0,1,9
2018/19,15,Emiliano Insúa,27,4,0,1,9
2018/19,16,Karim Bellarabi,19,4,0,1,9
2018/19,17,Karim Rekik,24,4,0,1,9
2018/19,18,Kevin Stöger,25,8,0,0,8
2018/19,19,Jean-Paul Boëtius,30,8,0,0,8
2018/19,20,Florian Grillitsch,30,8,0,0,8
2018/19,21,Oliver Sorg,19,5,1,0,8
2018/19,22,Felipe Trevizan,17,5,1,0,8
2018/19,23,Marco Reus,27,3,0,1,8
2018/19,24,Miiko Albornoz,22,3,0,1,8
2018/19,25,Matheus Pereira,19,3,0,1,8
2019/20,1,Klaus Gjasula,29,17,0,0,17
2019/20,2,Robert Andrich,30,11,1,0,14
2019/20,3,Marvin Friedrich,31,10,1,0,13
2019/20,4,Dedryck Boyata,28,7,0,1,12
2019/20,5,Benjamin Hübner,25,4,1,1,12
2019/20,6,Kingsley Ehizibue,31,6,0,1,11
2019/20,7,Keven Schlotterbeck,23,6,0,1,11
2019/20,8,Adam Bodzek,28,10,0,0,10
2019/20,9,Kaan Ayhan,31,10,0,0,10
2019/20,10,Sebastian Vasiliadis,32,10,0,0,10
2019/20,11,Konrad Laimer,29,7,1,0,10
2019/20,12,Jamilu Collins,30,7,1,0,10
2019/20,13,Jérôme Boateng,24,5,0,1,10
2019/20,14,Dominik Kohr,26,5,0,1,10
2019/20,15,Ridle Baku,30,5,0,1,10
2019/20,16,Sebastiaan Bornauw,28,5,0,1,10
2019/20,17,Leon Bailey,22,0,0,2,10
2019/20,18,Nicolas Höfler,32,9,0,0,9
2019/20,19,Sebastian Rudy,32,9,0,0,9
2019/20,20,Stefan Lainer,31,9,0,0,9
2019/20,21,Jonas Hector,29,9,0,0,9
2019/20,22,Marco Friedl,27,9,0,0,9
2019/20,23,Marko GrujićDefensives Mittelfeld,29,9,0,0,9
2019/20,24,Stefan Posch,28,9,0,0,9
2019/20,25,Mats Hummels,31,6,1,0,9
2020/21,1,Stefan Posch,26,10,1,0,13
2020/21,2,Maximilian Arnold,30,7,0,1,12
2020/21,3,Nicolas Höfler,31,11,0,0,11
2020/21,4,Moussa NiakhatéInnenverteidiger,32,8,1,0,11
2020/21,5,Paulo Otávio,23,6,0,1,11
2020/21,6,Sebastian Rode,27,10,0,0,10
2020/21,7,Evan Ndicka,23,10,0,0,10
2020/21,8,Robert Andrich,29,5,0,1,10
2020/21,9,Vladimír Darida,27,5,0,1,10
2020/21,10,Nathan de Medina,16,5,0,1,10
2020/21,11,Gonzalo Castro,26,9,0,0,9
2020/21,12,Christopher Trimmel,31,9,0,0,9
2020/21,13,Jeffrey Gouweleeuw,32,9,0,0,9
2020/21,14,Florian Neuhaus,33,9,0,0,9
2020/21,15,Matheus Cunha,27,9,0,0,9
2020/21,16,Christian GroßDefensives Mittelfeld,23,6,1,0,9
2020/21,17,Ondrej Duda,32,6,1,0,9
2020/21,18,Dennis Geiger,9,4,0,1,9
2020/21,19,Danny Latza,29,8,0,0,8
2020/21,20,Marcel Sabitzer,27,8,0,0,8
2020/21,21,Florian Grillitsch,26,5,1,0,8
2020/21,22,Marcus Thuram,29,3,0,1,8
2020/21,23,Rafael Czichos,28,7,0,0,7
2020/21,24,Kevin Mbabu,22,7,0,0,7
2020/21,25,Xaver Schlager,32,7,0,0,7
2021/22,1,Maxence Lacroix,29,3,1,2,16
2021/22,2,Moussa Diaby,32,9,1,0,12
2021/22,3,Dominik Kohr,22,6,2,0,12
2021/22,4,Alexander Hack,28,6,0,1,11
2021/22,5,Lars Stindl,26,10,0,0,10
2021/22,6,Kerem Demirbay,29,10,0,0,10
2021/22,7,Manu KonéZentrales Mittelfeld,27,10,0,0,10
2021/22,8,Atakan Karazor,24,7,1,0,10
2021/22,9,Robert Andrich,26,5,0,1,10
2021/22,10,Waldemar Anton,29,5,0,1,10
2021/22,11,Stefan Bell,33,9,0,0,9
2021/22,12,Jeffrey Gouweleeuw,29,9,0,0,9
2021/22,13,Paul Seguin,27,9,0,0,9
2021/22,14,Reece Oxford,30,9,0,0,9
2021/22,15,Fabian Kunze,22,9,0,0,9
2021/22,16,Jude Bellingham,32,9,0,0,9
2021/22,17,Kevin-Prince Boateng,18,8,0,0,8
2021/22,18,Niklas Dorsch,30,8,0,0,8
2021/22,19,Tanguy Coulibaly,21,8,0,0,8
2021/22,20,Mahmoud Dahoud,22,5,1,0,8
2021/22,21,Konstantinos Stafylidis,24,3,0,1,8
2021/22,22,Marc Oliver Kempf,24,3,0,1,8
2021/22,23,Nico Elvedi,28,3,0,1,8
2021/22,24,Kevin Vogt,30,7,0,0,7
2021/22,25,Sebastian Griesbeck,30,7,0,0,7
2022/23,1,Piero HincapiéInnenverteidiger,30,9,2,1,20
2022/23,2,Nicolas Höfler,32,9,0,1,14
2022/23,3,Ozan Kabak,30,8,2,0,14
2022/23,4,Marco Friedl,30,8,0,1,13
2022/23,5,Jeffrey Gouweleeuw,32,12,0,0,12
2022/23,6,Manu KonéZentrales Mittelfeld,30,12,0,0,12
2022/23,7,Ermedin Demirovic,30,7,0,1,12
2022/23,8,Amine Adli,26,2,0,2,12
2022/23,9,Dominik Kohr,30,11,0,0,11
2022/23,10,Kevin Akpoguma,28,11,0,0,11
2022/23,11,Anthony Losilla,31,6,0,1,11
2022/23,12,Dayot Upamecano,29,6,0,1,11
2022/23,13,Diogo Leite,28,6,0,1,11
2022/23,14,Dominik Szoboszlai,31,3,1,1,11
2022/23,15,Ko Itakura,24,1,0,2,11
2022/23,16,Leonardo Bittencourt,25,10,0,0,10
2022/23,17,Atakan Karazor,29,10,0,0,10
2022/23,18,Mergim Berisha,23,7,1,0,10
2022/23,19,Konstantinos Mavropanos,28,7,1,0,10
2022/23,20,Robert Gumny,29,5,0,1,10
2022/23,21,Lars Stindl,29,9,0,0,9
2022/23,22,Stefan Bell,30,9,0,0,9
2022/23,23,Niklas Stark,27,9,0,0,9
2022/23,24,Djibril Sow,32,9,0,0,9
2022/23,25,Dennis Geiger,27,9,0,0,9
2023/24,1,Matej Maglica,26,7,0,2,17
2023/24,2,Dominik Kohr,31,13,1,0,16
2023/24,3,Maxence Lacroix,28,3,1,2,16
2023/24,4,Nicolas Höfler,28,10,0,1,15
2023/24,5,Ozan Kabak,28,9,1,0,12
2023/24,6,Xavi Simons,32,9,1,0,12
2023/24,7,Klaus Gjasula,22,7,0,1,12
2023/24,8,Grischa Prömel,28,8,1,0,11
2023/24,9,Jeff Chabot,32,8,1,0,11
2023/24,10,John Brooks,21,6,0,1,11
2023/24,11,Anthony Losilla,31,10,0,0,10
2023/24,12,Julian Weigl,31,10,0,0,10
2023/24,13,Robin Koch,31,10,0,0,10
2023/24,14,Robin Gosens,30,7,1,0,10
2023/24,15,Rani Khedira,20,5,0,1,10
2023/24,16,Mads Pedersen,27,5,0,1,10
2023/24,17,Jens Stage,30,5,0,1,10
2023/24,18,Leonardo Bittencourt,29,9,0,0,9
2023/24,19,Maximilian Arnold,30,9,0,0,9
2023/24,20,Marvin Ducksch,33,9,0,0,9
2023/24,21,Benedikt Gimber,24,9,0,0,9
2023/24,22,Atakan Karazor,33,9,0,0,9
2023/24,23,Christoph Klarer,30,9,0,0,9
2023/24,24,Ko Itakura,20,9,0,0,9
2023/24,25,Bernardo,33,9,0,0,9
2024/25,1,Dominik Kohr,28,11,0,1,16
2024/25,2,Marco Friedl,26,8,1,1,16
2024/25,3,Nadiem Amiri,30,8,1,1,16
2024/25,4,Willi Orbán,25,4,0,2,14
2024/25,5,Samuel Essende,30,4,0,2,14
2024/25,6,Jeff Chabot,31,10,1,0,13
2024/25,7,Nico Schlotterbeck,23,5,1,1,13
2024/25,8,Ibrahima Sissoko,32,9,1,0,12
2024/25,9,Cédric Zesiger,22,9,1,0,12
2024/25,10,Maximilian Arnold,28,7,0,1,12
2024/25,11,Matus Bero,30,11,0,0,11
2024/25,12,Nicolai Remberg,32,11,0,0,11
2024/25,13,Jens Stage,28,10,0,0,10
2024/25,14,Mitchell Weiser,32,7,1,0,10
2024/25,15,Pascal GroßZentrales Mittelfeld,30,5,0,1,10
2024/25,16,Yannick Gerhardt,29,5,0,1,10
2024/25,17,Niklas Dorsch,23,5,0,1,10
2024/25,18,Junior Adamu,25,5,0,1,10
2024/25,19,Patrick Wimmer,29,5,0,1,10
2024/25,20,Jeffrey Gouweleeuw,33,9,0,0,9
2024/25,21,Benedikt Gimber,32,9,0,0,9
2024/25,22,Atakan Karazor,32,9,0,0,9
2024/25,23,Senne Lynen,32,9,0,0,9
2024/25,24,Enzo Millot,29,9,0,0,9
2024/25,25,Fiete Arp,23,6,1,0,9
