"Saison","Platz","Verein","Schnitt","Gesamt"
"1963/64","1","VfB Stuttgart","40.400","606.000"
"1963/64","2","Hamburger SV","35.466","532.000"
"1963/64","3","Hertha BSC","35.460","531.900"
"1963/64","4","TSV 1860 München","33.466","502.000"
"1963/64","5","1. FC Köln","33.306","499.600"
"1963/64","6","Karlsruher SC","31.533","473.000"
"1963/64","7","1. FC Nürnberg","29.466","442.000"
"1963/64","8","Meidericher SV","28.066","421.000"
"1963/64","9","Eintracht Frankfurt","26.166","392.500"
"1963/64","10","Borussia Dortmund","23.533","353.000"
"1963/64","11","Preußen Münster","22.600","339.000"
"1963/64","12","FC Schalke 04","22.266","334.000"
"1963/64","13","Eintracht Braunschweig","22.173","332.600"
"1963/64","14","1.FC Kaiserslautern","21.600","324.000"
"1963/64","15","SV Werder Bremen","19.933","299.000"
"1963/64","16","1. FC Saarbrücken","17.600","264.000"
"1964/65","1","Hannover 96","43.160","647.400"
"1964/65","2","Hertha BSC","36.346","545.200"
"1964/65","3","Hamburger SV","36.286","544.300"
"1964/65","4","Karlsruher SC","32.200","483.000"
"1964/65","5","1. FC Köln","31.366","470.500"
"1964/65","6","1. FC Nürnberg","30.533","458.000"
"1964/65","7","VfB Stuttgart","29.933","449.000"
"1964/65","8","TSV 1860 München","28.866","433.000"
"1964/65","9","FC Schalke 04","26.933","404.000"
"1964/65","10","SV Werder Bremen","26.553","398.300"
"1964/65","11","Borussia Dortmund","25.333","380.000"
"1964/65","12","1.FC Kaiserslautern","24.200","363.000"
"1964/65","13","Meidericher SV","22.800","342.000"
"1964/65","14","Eintracht Braunschweig","22.600","339.000"
"1964/65","15","Eintracht Frankfurt","22.033","330.500"
"1964/65","16","Borussia Neunkirchen","21.466","322.000"
"1965/66","1","Hannover 96","32.323","549.500"
"1965/66","2","TSV 1860 München","31.352","533.000"
"1965/66","3","Karlsruher SC","30.411","517.000"
"1965/66","4","FC Schalke 04","28.617","486.500"
"1965/66","5","1. FC Köln","27.705","471.000"
"1965/66","6","Hamburger SV","27.176","462.000"
"1965/66","7","Eintracht Frankfurt","27.117","461.000"
"1965/66","8","1. FC Nürnberg","27.000","459.000"
"1965/66","9","FC Bayern München","26.352","448.000"
"1965/66","10","VfB Stuttgart","26.235","446.000"
"1965/66","11","Borussia Dortmund","25.470","433.000"
"1965/66","12","Borussia Mönchengladbach","24.176","411.000"
"1965/66","13","SV Werder Bremen","21.294","362.000"
"1965/66","14","Meidericher SV","20.294","345.000"
"1965/66","15","1.FC Kaiserslautern","18.411","313.000"
"1965/66","16","Eintracht Braunschweig","17.264","293.500"
"1965/66","17","Tasmania Berlin","17.247","293.200"
"1965/66","18","Borussia Neunkirchen","17.058","290.000"
"1966/67","1","Fortuna Düsseldorf","29.058","494.000"
"1966/67","2","VfB Stuttgart","28.705","488.000"
"1966/67","3","Eintracht Braunschweig","27.647","470.000"
"1966/67","4","Rot-Weiss Essen","27.117","461.000"
"1966/67","5","Eintracht Frankfurt","26.588","452.000"
"1966/67","6","Hamburger SV","26.470","450.000"
"1966/67","7","Borussia Dortmund","26.047","442.800"
"1966/67","8","Karlsruher SC","25.882","440.000"
"1966/67","9","1. FC Köln","25.470","433.000"
"1966/67","10","TSV 1860 München","25.000","425.000"
"1966/67","11","FC Schalke 04","24.647","419.000"
"1966/67","12","Borussia Mönchengladbach","24.235","412.000"
"1966/67","13","1. FC Nürnberg","24.235","412.000"
"1966/67","14","Hannover 96","23.588","401.000"
"1966/67","15","FC Bayern München","22.470","382.000"
"1966/67","16","MSV Duisburg","20.529","349.000"
"1966/67","17","1.FC Kaiserslautern","19.529","332.000"
"1966/67","18","SV Werder Bremen","15.941","271.000"
"1967/68","1","1. FC Nürnberg","40.411","687.000"
"1967/68","2","VfB Stuttgart","25.205","428.500"
"1967/68","3","1. FC Köln","23.647","402.000"
"1967/68","4","Karlsruher SC","22.941","390.000"
"1967/68","5","FC Schalke 04","22.882","389.000"
"1967/68","6","Borussia Mönchengladbach","22.558","383.500"
"1967/68","7","Hannover 96","22.382","380.500"
"1967/68","8","Borussia Dortmund","22.001","374.033"
"1967/68","9","Aachen","21.764","370.000"
"1967/68","10","FC Bayern München","21.558","366.500"
"1967/68","11","SV Werder Bremen","20.588","350.000"
"1967/68","12","Eintracht Frankfurt","20.041","340.700"
"1967/68","13","TSV 1860 München","19.617","333.500"
"1967/68","14","Hamburger SV","19.304","328.174"
"1967/68","15","MSV Duisburg","17.852","303.500"
"1967/68","16","Eintracht Braunschweig","15.088","256.500"
"1967/68","17","1.FC Kaiserslautern","13.676","232.500"
"1967/68","18","Borussia Neunkirchen","10.488","178.300"
"1968/69","1","Hertha BSC","44.529","757.000"
"1968/69","2","1. FC Nürnberg","27.176","462.000"
"1968/69","3","1. FC Köln","24.972","424.528"
"1968/69","4","FC Bayern München","24.852","422.500"
"1968/69","5","FC Schalke 04","23.588","401.000"
"1968/69","6","Borussia Dortmund","23.517","399.800"
"1968/69","7","Hannover 96","22.941","390.000"
"1968/69","8","Kickers Offenbach","22.794","387.500"
"1968/69","9","Hamburger SV","21.594","367.100"
"1968/69","10","VfB Stuttgart","20.735","352.500"
"1968/69","11","Eintracht Frankfurt","20.470","348.000"
"1968/69","12","Borussia Mönchengladbach","20.323","345.500"
"1968/69","13","Aachen","19.176","326.000"
"1968/69","14","SV Werder Bremen","18.411","313.000"
"1968/69","15","MSV Duisburg","17.088","290.500"
"1968/69","16","Eintracht Braunschweig","15.564","264.600"
"1968/69","17","TSV 1860 München","15.029","255.500"
"1968/69","18","1.FC Kaiserslautern","14.294","243.000"
"1969/70","1","Hertha BSC","43.341","736.800"
"1969/70","2","Borussia Mönchengladbach","25.235","429.000"
"1969/70","3","1. FC Köln","24.352","414.000"
"1969/70","4","Hannover 96","23.470","399.000"
"1969/70","5","FC Bayern München","23.264","395.500"
"1969/70","6","VfB Stuttgart","20.941","356.000"
"1969/70","7","Rot-Weiss Essen","20.764","353.000"
"1969/70","8","TSV 1860 München","20.617","350.500"
"1969/70","9","Rot-Weiß Oberhausen","20.470","348.000"
"1969/70","10","FC Schalke 04","20.058","341.000"
"1969/70","11","Borussia Dortmund","19.423","330.200"
"1969/70","12","MSV Duisburg","17.735","301.500"
"1969/70","13","Hamburger SV","17.329","294.600"
"1969/70","14","Eintracht Frankfurt","16.205","275.500"
"1969/70","15","Eintracht Braunschweig","15.093","256.590"
"1969/70","16","1.FC Kaiserslautern","14.882","253.000"
"1969/70","17","SV Werder Bremen","14.470","246.000"
"1969/70","18","Aachen","11.941","203.000"
"1970/71","1","Hertha BSC","45.823","779.000"
"1970/71","2","Arminia Bielefeld","24.894","423.200"
"1970/71","3","FC Bayern München","23.721","403.268"
"1970/71","4","Hannover 96","23.264","395.500"
"1970/71","5","Rot-Weiss Essen","23.117","393.000"
"1970/71","6","Eintracht Frankfurt","21.705","369.000"
"1970/71","7","FC Schalke 04","21.470","365.000"
"1970/71","8","Borussia Mönchengladbach","20.882","355.000"
"1970/71","9","Borussia Dortmund","19.411","330.000"
"1970/71","10","VfB Stuttgart","18.911","321.500"
"1970/71","11","Eintracht Braunschweig","18.782","319.300"
"1970/71","12","1. FC Köln","18.705","318.000"
"1970/71","13","SV Werder Bremen","18.294","311.000"
"1970/71","14","Kickers Offenbach","18.117","308.000"
"1970/71","15","1.FC Kaiserslautern","17.764","302.000"
"1970/71","16","Rot-Weiß Oberhausen","17.382","295.500"
"1970/71","17","Hamburger SV","17.117","291.000"
"1970/71","18","MSV Duisburg","16.882","287.000"
"1971/72","1","FC Schalke 04","28.382","482.500"
"1971/72","2","FC Bayern München","27.764","472.000"
"1971/72","3","Hertha BSC","24.852","422.500"
"1971/72","4","Eintracht Frankfurt","20.894","355.200"
"1971/72","5","VfB Stuttgart","20.794","353.500"
"1971/72","6","SV Werder Bremen","19.588","333.000"
"1971/72","7","VfL Bochum","18.647","317.000"
"1971/72","8","Hannover 96","18.535","315.100"
"1971/72","9","Borussia Dortmund","18.294","311.000"
"1971/72","10","Arminia Bielefeld","17.452","296.700"
"1971/72","11","1.FC Kaiserslautern","17.058","290.000"
"1971/72","12","Hamburger SV","17.041","289.700"
"1971/72","13","Borussia Mönchengladbach","16.529","281.000"
"1971/72","14","MSV Duisburg","15.752","267.800"
"1971/72","15","Fortuna Düsseldorf","15.529","264.000"
"1971/72","16","1. FC Köln","15.111","256.900"
"1971/72","17","Eintracht Braunschweig","12.156","206.664"
"1971/72","18","Rot-Weiß Oberhausen","12.047","204.800"
"1972/73","1","FC Bayern München","33.294","566.000"
"1972/73","2","Fortuna Düsseldorf","26.400","448.800"
"1972/73","3","Hertha BSC","23.288","395.900"
"1972/73","4","FC Schalke 04","21.441","364.500"
"1972/73","5","Wuppertal","20.717","352.200"
"1972/73","6","Hamburger SV","18.294","311.000"
"1972/73","7","Kickers Offenbach","18.058","307.000"
"1972/73","8","Hannover 96","17.179","292.050"
"1972/73","9","VfL Bochum","16.411","279.000"
"1972/73","10","MSV Duisburg","15.470","263.000"
"1972/73","11","SV Werder Bremen","15.264","259.500"
"1972/73","12","Borussia Mönchengladbach","15.188","258.200"
"1972/73","13","Eintracht Frankfurt","13.911","236.500"
"1972/73","14","VfB Stuttgart","13.811","234.800"
"1972/73","15","Eintracht Braunschweig","13.218","224.718"
"1972/73","16","1. FC Köln","12.941","220.000"
"1972/73","17","1.FC Kaiserslautern","12.941","220.000"
"1972/73","18","Rot-Weiß Oberhausen","6.752","114.800"
"1973/74","1","FC Schalke 04","43.735","743.500"
"1973/74","2","FC Bayern München","37.000","629.000"
"1973/74","3","Hertha BSC","27.794","472.500"
"1973/74","4","VfB Stuttgart","26.641","452.900"
"1973/74","5","Eintracht Frankfurt","25.411","432.000"
"1973/74","6","Hamburger SV","24.117","410.000"
"1973/74","7","Fortuna Düsseldorf","24.000","408.000"
"1973/74","8","Borussia Mönchengladbach","22.323","379.500"
"1973/74","9","Hannover 96","20.411","347.000"
"1973/74","10","MSV Duisburg","19.617","333.500"
"1973/74","11","1.FC Kaiserslautern","18.058","307.000"
"1973/74","12","VfL Bochum","17.882","304.000"
"1973/74","13","1. FC Köln","17.294","294.000"
"1973/74","14","Rot-Weiss Essen","16.623","282.600"
"1973/74","15","Wuppertal","15.970","271.500"
"1973/74","16","SV Werder Bremen","15.588","265.000"
"1973/74","17","Kickers Offenbach","14.852","252.500"
"1973/74","18","1. FC Köln","13.382","227.500"
"1974/75","1","FC Schalke 04","39.517","671.800"
"1974/75","2","FC Bayern München","36.411","619.000"
"1974/75","3","Hertha BSC","36.400","618.800"
"1974/75","4","Hamburger SV","31.941","543.000"
"1974/75","5","VfB Stuttgart","27.070","460.200"
"1974/75","6","Eintracht Frankfurt","23.788","404.400"
"1974/75","7","Kickers Offenbach","22.411","381.000"
"1974/75","8","Fortuna Düsseldorf","22.235","378.000"
"1974/75","9","Borussia Mönchengladbach","21.641","367.900"
"1974/75","10","Eintracht Braunschweig","21.235","361.000"
"1974/75","11","1.FC Kaiserslautern","19.823","337.000"
"1974/75","12","SV Werder Bremen","18.764","319.000"
"1974/75","13","1. FC Köln","18.500","314.500"
"1974/75","14","VfL Bochum","17.635","299.800"
"1974/75","15","MSV Duisburg","16.588","282.000"
"1974/75","16","Rot-Weiss Essen","14.469","245.977"
"1974/75","17","TB Berlin","10.594","180.100"
"1974/75","18","Wuppertal","9.164","155.800"
"1975/76","1","FC Schalke 04","34.194","581.300"
"1975/76","2","FC Bayern München","32.911","559.500"
"1975/76","3","Karlsruher SC","32.235","548.000"
"1975/76","4","Hamburger SV","32.141","546.400"
"1975/76","5","Hannover 96","28.311","481.300"
"1975/76","6","1. FC Köln","25.712","437.118"
"1975/76","7","Borussia Mönchengladbach","23.582","400.900"
"1975/76","8","Eintracht Braunschweig","22.935","389.900"
"1975/76","9","Hertha BSC","22.205","377.500"
"1975/76","10","Eintracht Frankfurt","21.529","366.000"
"1975/76","11","SV Werder Bremen","20.882","355.000"
"1975/76","12","1.FC Kaiserslautern","20.478","348.142"
"1975/76","13","VfL Bochum","20.126","342.150"
"1975/76","14","Kickers Offenbach","19.117","325.000"
"1975/76","15","Fortuna Düsseldorf","18.441","313.500"
"1975/76","16","Rot-Weiss Essen","15.629","265.700"
"1975/76","17","Bayer 05 Uerdingen","14.288","242.900"
"1975/76","18","MSV Duisburg","14.117","240.000"
"1976/77","1","Borussia Dortmund","43.217","734.700"
"1976/77","2","FC Schalke 04","37.670","640.400"
"1976/77","3","Hamburger SV","34.705","590.000"
"1976/77","4","1. FC Köln","32.305","549.188"
"1976/77","5","FC Bayern München","31.608","537.350"
"1976/77","6","Karlsruher SC","29.235","497.000"
"1976/77","7","1. FC Saarbrücken","28.794","489.500"
"1976/77","8","Hertha BSC","25.190","428.243"
"1976/77","9","Borussia Mönchengladbach","25.082","426.400"
"1976/77","10","Eintracht Frankfurt","24.000","408.000"
"1976/77","11","Eintracht Braunschweig","21.764","370.000"
"1976/77","12","1.FC Kaiserslautern","20.705","352.000"
"1976/77","13","MSV Duisburg","20.588","350.000"
"1976/77","14","Fortuna Düsseldorf","20.470","348.000"
"1976/77","15","SV Werder Bremen","18.970","322.500"
"1976/77","16","TB Berlin","16.967","288.454"
"1976/77","17","VfL Bochum","16.041","272.700"
"1976/77","18","Rot-Weiss Essen","12.874","218.860"
"1977/78","1","VfB Stuttgart","55.823","949.000"
"1977/78","2","Borussia Dortmund","37.891","644.157"
"1977/78","3","FC Schalke 04","35.411","602.000"
"1977/78","4","1. FC Köln","35.058","596.000"
"1977/78","5","Hamburger SV","31.352","533.000"
"1977/78","6","FC Bayern München","30.885","525.059"
"1977/78","7","TSV 1860 München","28.321","481.469"
"1977/78","8","Borussia Mönchengladbach","26.023","442.400"
"1977/78","9","Eintracht Frankfurt","25.970","441.500"
"1977/78","10","Hertha BSC","24.832","422.145"
"1977/78","11","1.FC Kaiserslautern","24.117","410.000"
"1977/78","12","VfL Bochum","23.970","407.500"
"1977/78","13","1. FC Saarbrücken","23.617","401.500"
"1977/78","14","Fortuna Düsseldorf","22.417","381.100"
"1977/78","15","SV Werder Bremen","19.882","338.000"
"1977/78","16","Eintracht Braunschweig","19.058","324.000"
"1977/78","17","MSV Duisburg","18.647","317.000"
"1977/78","18","FC St. Pauli","13.747","233.700"
"1978/79","1","Hamburger SV","42.417","721.100"
"1978/79","2","VfB Stuttgart","40.647","691.000"
"1978/79","3","FC Schalke 04","34.258","582.400"
"1978/79","4","FC Bayern München","34.110","579.873"
"1978/79","5","1. FC Nürnberg","33.447","568.600"
"1978/79","6","Borussia Dortmund","29.046","493.783"
"1978/79","7","1.FC Kaiserslautern","26.980","458.661"
"1978/79","8","Arminia Bielefeld","26.329","447.600"
"1978/79","9","VfL Bochum","26.000","442.000"
"1978/79","10","Eintracht Frankfurt","25.764","438.000"
"1978/79","11","1. FC Köln","22.705","386.000"
"1978/79","12","Borussia Mönchengladbach","19.910","338.478"
"1978/79","13","Fortuna Düsseldorf","18.817","319.900"
"1978/79","14","Eintracht Braunschweig","17.871","303.822"
"1978/79","15","SV Werder Bremen","17.529","298.000"
"1978/79","16","SV Darmstadt 98","17.529","298.000"
"1978/79","17","Hertha BSC","16.722","284.277"
"1978/79","18","MSV Duisburg","15.823","269.000"
"1979/80","1","FC Bayern München","39.638","673.850"
"1979/80","2","Hamburger SV","37.782","642.300"
"1979/80","3","Borussia Dortmund","34.584","587.932"
"1979/80","4","VfB Stuttgart","34.205","581.500"
"1979/80","5","TSV 1860 München","29.735","505.500"
"1979/80","6","1. FC Köln","27.411","466.000"
"1979/80","7","FC Schalke 04","26.264","446.500"
"1979/80","8","1.FC Kaiserslautern","24.495","416.427"
"1979/80","9","Eintracht Frankfurt","23.117","393.000"
"1979/80","10","Hertha BSC","22.896","389.236"
"1979/80","11","VfL Bochum","21.470","365.000"
"1979/80","12","Fortuna Düsseldorf","20.541","349.200"
"1979/80","13","Borussia Mönchengladbach","17.666","300.331"
"1979/80","14","SV Werder Bremen","17.647","300.000"
"1979/80","15","MSV Duisburg","16.882","287.000"
"1979/80","16","Bayer 05 Uerdingen","14.470","246.000"
"1979/80","17","Eintracht Braunschweig","14.186","241.166"
"1979/80","18","Bayer 04 Leverkusen","13.941","237.000"
"1980/81","1","FC Bayern München","36.411","619.000"
"1980/81","2","Borussia Dortmund","34.394","584.700"
"1980/81","3","Hamburger SV","32.849","558.448"
"1980/81","4","VfB Stuttgart","31.741","539.600"
"1980/81","5","1. FC Nürnberg","30.911","525.500"
"1980/81","6","FC Schalke 04","28.505","484.600"
"1980/81","7","Karlsruher SC","27.470","467.000"
"1980/81","8","TSV 1860 München","24.294","413.000"
"1980/81","9","1.FC Kaiserslautern","23.654","402.131"
"1980/81","10","Arminia Bielefeld","22.970","390.500"
"1980/81","11","VfL Bochum","22.050","374.853"
"1980/81","12","Eintracht Frankfurt","21.441","364.500"
"1980/81","13","1. FC Köln","19.764","336.000"
"1980/81","14","Fortuna Düsseldorf","18.400","312.800"
"1980/81","15","Borussia Mönchengladbach","18.392","312.665"
"1980/81","16","MSV Duisburg","16.941","288.000"
"1980/81","17","Bayer 04 Leverkusen","11.705","199.000"
"1980/81","18","Bayer 05 Uerdingen","11.282","191.800"
"1981/82","1","Hamburger SV","34.700","589.900"
"1981/82","2","FC Bayern München","33.372","567.324"
"1981/82","3","Borussia Dortmund","28.705","488.000"
"1981/82","4","VfB Stuttgart","26.164","444.800"
"1981/82","5","1. FC Köln","25.147","427.500"
"1981/82","6","SV Werder Bremen","24.235","412.000"
"1981/82","7","1. FC Nürnberg","23.117","393.000"
"1981/82","8","Karlsruher SC","23.058","392.000"
"1981/82","9","1.FC Kaiserslautern","21.333","362.661"
"1981/82","10","Eintracht Frankfurt","21.147","359.500"
"1981/82","11","Arminia Bielefeld","21.135","359.300"
"1981/82","12","Borussia Mönchengladbach","20.611","350.392"
"1981/82","13","Eintracht Braunschweig","20.551","349.380"
"1981/82","14","VfL Bochum","17.823","303.000"
"1981/82","15","Fortuna Düsseldorf","15.529","264.000"
"1981/82","16","SV Darmstadt 98","14.647","249.000"
"1981/82","17","MSV Duisburg","12.911","219.500"
"1981/82","18","Bayer 04 Leverkusen","9.594","163.100"
"1982/83","1","FC Bayern München","31.294","532.000"
"1982/83","2","Hamburger SV","28.441","483.500"
"1982/83","3","FC Schalke 04","28.147","478.500"
"1982/83","4","VfB Stuttgart","27.617","469.500"
"1982/83","5","Borussia Dortmund","27.264","463.500"
"1982/83","6","SV Werder Bremen","25.988","441.800"
"1982/83","7","Hertha BSC","22.593","384.085"
"1982/83","8","Eintracht Frankfurt","21.817","370.900"
"1982/83","9","1.FC Kaiserslautern","21.536","366.117"
"1982/83","10","Arminia Bielefeld","20.411","347.000"
"1982/83","11","1. FC Nürnberg","19.882","338.000"
"1982/83","12","1. FC Köln","18.235","310.000"
"1982/83","13","Karlsruher SC","17.794","302.500"
"1982/83","14","Borussia Mönchengladbach","16.359","278.108"
"1982/83","15","Eintracht Braunschweig","15.882","270.000"
"1982/83","16","VfL Bochum","15.823","269.000"
"1982/83","17","Fortuna Düsseldorf","13.049","221.842"
"1982/83","18","Bayer 04 Leverkusen","9.088","154.500"
"1983/84","1","VfB Stuttgart","31.793","540.496"
"1983/84","2","FC Bayern München","30.911","525.500"
"1983/84","3","Hamburger SV","28.298","481.078"
"1983/84","4","Mannheim","26.235","446.000"
"1983/84","5","SV Werder Bremen","22.864","388.700"
"1983/84","6","Eintracht Frankfurt","22.852","388.500"
"1983/84","7","Borussia Dortmund","22.058","375.000"
"1983/84","8","Fortuna Düsseldorf","20.641","350.900"
"1983/84","9","Borussia Mönchengladbach","20.324","345.522"
"1983/84","10","1.FC Kaiserslautern","19.117","325.004"
"1983/84","11","VfL Bochum","19.117","325.000"
"1983/84","12","1. FC Köln","17.352","295.000"
"1983/84","13","Bayer 05 Uerdingen","16.352","278.000"
"1983/84","14","1. FC Nürnberg","15.994","271.900"
"1983/84","15","Eintracht Braunschweig","15.833","269.167"
"1983/84","16","Arminia Bielefeld","15.441","262.500"
"1983/84","17","Kickers Offenbach","14.711","250.100"
"1983/84","18","Bayer 04 Leverkusen","11.505","195.600"
"1984/85","1","FC Bayern München","32.764","557.000"
"1984/85","2","FC Schalke 04","28.252","480.300"
"1984/85","3","Borussia Dortmund","26.029","442.500"
"1984/85","4","Eintracht Frankfurt","23.676","402.500"
"1984/85","5","VfL Bochum","23.000","391.000"
"1984/85","6","VfB Stuttgart","22.941","390.000"
"1984/85","7","SV Werder Bremen","21.958","373.300"
"1984/85","8","Hamburger SV","21.954","373.218"
"1984/85","9","Mannheim","19.323","328.500"
"1984/85","10","Borussia Mönchengladbach","18.945","322.065"
"1984/85","11","Karlsruher SC","18.617","316.500"
"1984/85","12","1. FC Köln","18.058","307.000"
"1984/85","13","1.FC Kaiserslautern","17.030","289.513"
"1984/85","14","Bayer 05 Uerdingen","14.294","243.000"
"1984/85","15","Arminia Bielefeld","14.205","241.500"
"1984/85","16","Eintracht Braunschweig","13.846","235.383"
"1984/85","17","Fortuna Düsseldorf","12.500","212.500"
"1984/85","18","Bayer 04 Leverkusen","9.658","164.200"
"1985/86","1","1. FC Nürnberg","28.764","489.000"
"1985/86","2","FC Bayern München","27.264","463.500"
"1985/86","3","Hannover 96","25.496","433.448"
"1985/86","4","SV Werder Bremen","24.756","420.859"
"1985/86","5","Borussia Dortmund","24.235","412.000"
"1985/86","6","VfB Stuttgart","21.758","369.900"
"1985/86","7","FC Schalke 04","19.008","323.140"
"1985/86","8","Hamburger SV","18.435","313.400"
"1985/86","9","1.FC Kaiserslautern","16.536","281.112"
"1985/86","10","Eintracht Frankfurt","16.470","280.000"
"1985/86","11","Borussia Mönchengladbach","16.294","277.000"
"1985/86","12","1. FC Saarbrücken","15.941","271.000"
"1985/86","13","Mannheim","15.447","262.600"
"1985/86","14","VfL Bochum","14.764","251.000"
"1985/86","15","1. FC Köln","13.615","231.459"
"1985/86","16","Bayer 05 Uerdingen","11.823","201.000"
"1985/86","17","Fortuna Düsseldorf","10.311","175.300"
"1985/86","18","Bayer 04 Leverkusen","10.129","172.200"
"1986/87","1","FC Bayern München","37.470","637.000"
"1986/87","2","Borussia Dortmund","34.583","587.922"
"1986/87","3","1.FC Kaiserslautern","27.395","465.728"
"1986/87","4","1. FC Nürnberg","26.776","455.200"
"1986/87","5","Hamburger SV","24.233","411.974"
"1986/87","6","FC Schalke 04","23.000","391.000"
"1986/87","7","SV Werder Bremen","22.860","388.626"
"1986/87","8","BW 90 Berlin","20.848","354.426"
"1986/87","9","VfB Stuttgart","20.441","347.500"
"1986/87","10","Eintracht Frankfurt","18.500","314.500"
"1986/87","11","VfL Bochum","17.941","305.000"
"1986/87","12","Borussia Mönchengladbach","17.449","296.640"
"1986/87","13","1. FC Köln","16.588","282.000"
"1986/87","14","Mannheim","14.176","241.000"
"1986/87","15","Bayer 04 Leverkusen","12.735","216.500"
"1986/87","16","Bayer 05 Uerdingen","12.717","216.200"
"1986/87","17","Fortuna Düsseldorf","12.264","208.500"
"1986/87","18","FC 08 Homburg","10.000","170.000"
"1987/88","1","Borussia Dortmund","29.617","503.500"
"1987/88","2","FC Bayern München","28.033","476.573"
"1987/88","3","1. FC Nürnberg","26.729","454.400"
"1987/88","4","VfB Stuttgart","26.294","447.005"
"1987/88","5","FC Schalke 04","23.070","392.200"
"1987/88","6","1. FC Köln","22.411","381.000"
"1987/88","7","SV Werder Bremen","22.217","377.700"
"1987/88","8","Karlsruher SC","21.629","367.700"
"1987/88","9","1.FC Kaiserslautern","21.505","365.593"
"1987/88","10","Eintracht Frankfurt","21.287","361.882"
"1987/88","11","Hannover 96","20.967","356.444"
"1987/88","12","VfL Bochum","16.994","288.900"
"1987/88","13","Hamburger SV","15.950","271.150"
"1987/88","14","Borussia Mönchengladbach","14.395","244.730"
"1987/88","15","Mannheim","14.391","244.660"
"1987/88","16","Bayer 05 Uerdingen","10.711","182.100"
"1987/88","17","Bayer 04 Leverkusen","9.511","161.700"
"1987/88","18","FC 08 Homburg","8.735","148.500"
"1988/89","1","Borussia Dortmund","31.263","531.473"
"1988/89","2","FC Bayern München","30.352","516.000"
"1988/89","3","VfB Stuttgart","26.937","457.940"
"1988/89","4","1.FC Kaiserslautern","22.179","377.057"
"1988/89","5","1. FC Köln","21.058","358.000"
"1988/89","6","FC St. Pauli","20.909","355.453"
"1988/89","7","Karlsruher SC","20.794","353.500"
"1988/89","8","SV Werder Bremen","20.620","350.546"
"1988/89","9","1. FC Nürnberg","18.938","321.950"
"1988/89","10","Hamburger SV","17.585","298.950"
"1988/89","11","Eintracht Frankfurt","17.344","294.849"
"1988/89","12","VfL Bochum","15.529","264.000"
"1988/89","13","Hannover 96","14.933","253.863"
"1988/89","14","Borussia Mönchengladbach","13.717","233.200"
"1988/89","15","Mannheim","13.120","223.048"
"1988/89","16","Bayer 04 Leverkusen","12.329","209.600"
"1988/89","17","St. Kickers","12.194","207.300"
"1988/89","18","Bayer 05 Uerdingen","11.017","187.300"
"1989/90","1","Borussia Dortmund","37.184","632.140"
"1989/90","2","FC Bayern München","36.058","613.000"
"1989/90","3","Eintracht Frankfurt","26.764","455.000"
"1989/90","4","1.FC Kaiserslautern","25.428","432.281"
"1989/90","5","1. FC Nürnberg","25.070","426.200"
"1989/90","6","VfB Stuttgart","24.876","422.900"
"1989/90","7","1. FC Köln","22.529","383.000"
"1989/90","8","Hamburger SV","21.335","362.700"
"1989/90","9","Fortuna Düsseldorf","20.117","342.000"
"1989/90","10","Borussia Mönchengladbach","19.660","334.222"
"1989/90","11","Karlsruher SC","19.264","327.500"
"1989/90","12","SV Werder Bremen","19.263","327.479"
"1989/90","13","FC St. Pauli","19.023","323.405"
"1989/90","14","VfL Bochum","18.364","312.200"
"1989/90","15","Bayer 04 Leverkusen","14.423","245.200"
"1989/90","16","Mannheim","12.190","207.235"
"1989/90","17","Bayer 05 Uerdingen","12.005","204.100"
"1989/90","18","FC 08 Homburg","8.695","147.822"
"1990/91","1","Borussia Dortmund","35.866","609.722"
"1990/91","2","FC Bayern München","35.832","609.153"
"1990/91","3","1.FC Kaiserslautern","32.145","546.468"
"1990/91","4","VfB Stuttgart","28.882","491.000"
"1990/91","5","Eintracht Frankfurt","24.310","413.273"
"1990/91","6","Hamburger SV","23.994","407.900"
"1990/91","7","1. FC Nürnberg","23.336","396.722"
"1990/91","8","1. FC Köln","21.235","361.000"
"1990/91","9","SV Werder Bremen","20.419","347.134"
"1990/91","10","Borussia Mönchengladbach","19.290","327.940"
"1990/91","11","VfL Bochum","18.786","319.370"
"1990/91","12","FC St. Pauli","18.628","316.681"
"1990/91","13","Karlsruher SC","18.294","311.000"
"1990/91","14","Fortuna Düsseldorf","16.588","282.000"
"1990/91","15","Hertha BSC","15.149","257.547"
"1990/91","16","Bayer 04 Leverkusen","13.617","231.500"
"1990/91","17","SG Wattenscheid 09","13.612","231.405"
"1990/91","18","Bayer 05 Uerdingen","10.547","179.300"
"1991/92","1","FC Schalke 04","47.450","901.560"
"1991/92","2","Borussia Dortmund","44.247","840.706"
"1991/92","3","1. FC Nürnberg","37.789","718.000"
"1991/92","4","1.FC Kaiserslautern","33.702","640.344"
"1991/92","5","VfB Stuttgart","33.605","638.500"
"1991/92","6","FC Bayern München","32.526","618.000"
"1991/92","7","Eintracht Frankfurt","29.815","566.500"
"1991/92","8","1. FC Köln","23.157","440.000"
"1991/92","9","Hamburger SV","22.450","426.552"
"1991/92","10","Borussia Mönchengladbach","21.205","402.895"
"1991/92","11","MSV Duisburg","21.128","401.440"
"1991/92","12","VfL Bochum","18.653","354.412"
"1991/92","13","SV Werder Bremen","17.368","330.009"
"1991/92","14","Karlsruher SC","17.184","326.500"
"1991/92","15","Dynamo Dresden","16.642","316.200"
"1991/92","16","Bayer 04 Leverkusen","15.152","287.900"
"1991/92","17","Fortuna Düsseldorf","13.815","262.500"
"1991/92","18","Hansa Rostock","13.563","257.704"
"1991/92","19","SG Wattenscheid 09","12.757","242.400"
"1991/92","20","St. Kickers","12.657","240.500"
"1992/93","1","FC Bayern München","46.058","783.000"
"1992/93","2","FC Schalke 04","41.723","709.300"
"1992/93","3","Borussia Dortmund","40.963","696.386"
"1992/93","4","1.FC Kaiserslautern","33.448","568.620"
"1992/93","5","1. FC Nürnberg","33.221","564.757"
"1992/93","6","1. FC Köln","29.823","507.000"
"1992/93","7","VfB Stuttgart","27.841","473.300"
"1992/93","8","Eintracht Frankfurt","25.382","431.500"
"1992/93","9","Hamburger SV","23.921","406.660"
"1992/93","10","Borussia Mönchengladbach","23.661","402.239"
"1992/93","11","VfL Bochum","23.318","396.409"
"1992/93","12","1. FC Saarbrücken","23.148","393.532"
"1992/93","13","SV Werder Bremen","22.389","380.621"
"1992/93","14","Karlsruher SC","22.117","376.000"
"1992/93","15","Bayer 04 Leverkusen","17.055","289.950"
"1992/93","16","Dynamo Dresden","15.650","266.050"
"1992/93","17","Bayer 05 Uerdingen","11.629","197.700"
"1992/93","18","SG Wattenscheid 09","10.841","184.300"
"1993/94","1","FC Bayern München","47.705","811.000"
"1993/94","2","Borussia Dortmund","42.063","715.080"
"1993/94","3","1. FC Nürnberg","36.123","614.100"
"1993/94","4","FC Schalke 04","35.521","603.870"
"1993/94","5","1.FC Kaiserslautern","34.462","585.859"
"1993/94","6","Eintracht Frankfurt","31.654","538.133"
"1993/94","7","Hamburger SV","31.196","530.347"
"1993/94","8","1. FC Köln","31.064","528.100"
"1993/94","9","VfB Stuttgart","28.217","479.700"
"1993/94","10","Borussia Mönchengladbach","27.076","460.300"
"1993/94","11","SV Werder Bremen","24.386","414.567"
"1993/94","12","MSV Duisburg","23.081","392.382"
"1993/94","13","Karlsruher SC","22.011","374.200"
"1993/94","14","Bayer 04 Leverkusen","19.111","324.900"
"1993/94","15","Dynamo Dresden","15.984","271.732"
"1993/94","16","SC Freiburg","15.000","255.000"
"1993/94","17","SG Wattenscheid 09","11.911","202.500"
"1993/94","18","RB Leipzig","11.876","201.900"
"1994/95","1","FC Bayern München","54.176","921.000"
"1994/95","2","Borussia Dortmund","42.784","727.330"
"1994/95","3","FC Schalke 04","39.883","678.015"
"1994/95","4","1.FC Kaiserslautern","37.209","632.564"
"1994/95","5","SV Werder Bremen","32.208","547.538"
"1994/95","6","1. FC Köln","31.764","540.000"
"1994/95","7","VfB Stuttgart","31.633","537.772"
"1994/95","8","Borussia Mönchengladbach","31.403","533.864"
"1994/95","9","TSV 1860 München","30.591","520.050"
"1994/95","10","Hamburger SV","30.445","517.573"
"1994/95","11","Eintracht Frankfurt","29.911","508.500"
"1994/95","12","Karlsruher SC","28.803","489.658"
"1994/95","13","VfL Bochum","24.585","417.953"
"1994/95","14","Bayer 04 Leverkusen","22.829","388.100"
"1994/95","15","MSV Duisburg","21.103","358.756"
"1994/95","16","SC Freiburg","17.500","297.500"
"1994/95","17","Bayer 05 Uerdingen","17.346","294.885"
"1994/95","18","Dynamo Dresden","16.700","283.903"
"1995/96","1","FC Bayern München","59.352","1.009.000"
"1995/96","2","Borussia Dortmund","43.980","747.669"
"1995/96","3","FC Schalke 04","38.309","651.269"
"1995/96","4","1.FC Kaiserslautern","36.400","618.800"
"1995/96","5","TSV 1860 München","35.511","603.700"
"1995/96","6","1. FC Köln","32.882","559.000"
"1995/96","7","VfB Stuttgart","31.306","532.218"
"1995/96","8","Borussia Mönchengladbach","31.172","529.940"
"1995/96","9","Eintracht Frankfurt","29.776","506.200"
"1995/96","10","Hamburger SV","27.959","475.304"
"1995/96","11","SV Werder Bremen","27.881","473.987"
"1995/96","12","Hansa Rostock","26.836","456.215"
"1995/96","13","Karlsruher SC","26.794","455.500"
"1995/96","14","Fortuna Düsseldorf","25.079","426.350"
"1995/96","15","SC Freiburg","22.500","382.500"
"1995/96","16","Bayer 04 Leverkusen","22.041","374.700"
"1995/96","17","FC St. Pauli","21.989","373.823"
"1995/96","18","Bayer 05 Uerdingen","14.535","247.108"
"1996/97","1","FC Bayern München","58.058","987.000"
"1996/97","2","Borussia Dortmund","53.052","901.900"
"1996/97","3","VfB Stuttgart","42.441","721.500"
"1996/97","4","FC Schalke 04","39.540","672.181"
"1996/97","5","TSV 1860 München","38.794","659.500"
"1996/97","6","1. FC Köln","31.088","528.500"
"1996/97","7","SV Werder Bremen","30.552","519.388"
"1996/97","8","Borussia Mönchengladbach","30.294","515.000"
"1996/97","9","Hamburger SV","29.607","503.323"
"1996/97","10","VfL Bochum","28.413","483.034"
"1996/97","11","Karlsruher SC","26.836","456.215"
"1996/97","12","FC St. Pauli","23.342","396.817"
"1996/97","13","SC Freiburg","22.376","380.400"
"1996/97","14","Arminia Bielefeld","21.096","358.644"
"1996/97","15","Fortuna Düsseldorf","20.911","355.500"
"1996/97","16","Bayer 04 Leverkusen","20.670","351.400"
"1996/97","17","MSV Duisburg","19.310","328.286"
"1996/97","18","Hansa Rostock","19.070","324.200"
"1997/98","1","FC Bayern München","54.529","927.000"
"1997/98","2","Borussia Dortmund","54.264","922.500"
"1997/98","3","Hertha BSC","52.894","899.198"
"1997/98","4","FC Schalke 04","50.285","854.845"
"1997/98","5","VfB Stuttgart","39.582","672.900"
"1997/98","6","1.FC Kaiserslautern","38.000","646.000"
"1997/98","7","TSV 1860 München","33.623","571.600"
"1997/98","8","Hamburger SV","33.102","562.746"
"1997/98","9","SV Werder Bremen","30.213","513.625"
"1997/98","10","1. FC Köln","29.823","507.000"
"1997/98","11","Borussia Mönchengladbach","27.435","466.400"
"1997/98","12","Karlsruher SC","26.768","455.065"
"1997/98","13","VfL Bochum","26.698","453.874"
"1997/98","14","Bayer 04 Leverkusen","22.252","378.300"
"1997/98","15","Arminia Bielefeld","21.636","367.817"
"1997/98","16","Hansa Rostock","18.841","320.300"
"1997/98","17","VfL Wolfsburg","17.024","289.408"
"1997/98","18","MSV Duisburg","16.928","287.786"
"1998/99","1","Borussia Dortmund","65.617","1.115.500"
"1998/99","2","FC Bayern München","56.235","956.000"
"1998/99","3","Hertha BSC","52.461","891.845"
"1998/99","4","FC Schalke 04","43.555","740.437"
"1998/99","5","1.FC Kaiserslautern","41.057","697.983"
"1998/99","6","1. FC Nürnberg","36.029","612.500"
"1998/99","7","Eintracht Frankfurt","32.841","558.300"
"1998/99","8","TSV 1860 München","32.476","552.100"
"1998/99","9","VfB Stuttgart","30.676","521.500"
"1998/99","10","SV Werder Bremen","29.888","508.097"
"1998/99","11","Borussia Mönchengladbach","25.923","440.700"
"1998/99","12","Hamburger SV","24.361","414.145"
"1998/99","13","VfL Bochum","23.733","403.477"
"1998/99","14","Bayer 04 Leverkusen","22.435","381.400"
"1998/99","15","SC Freiburg","22.411","381.000"
"1998/99","16","MSV Duisburg","17.249","293.247"
"1998/99","17","VfL Wolfsburg","16.694","283.805"
"1998/99","18","Hansa Rostock","15.923","270.700"
"1999/00","1","Borussia Dortmund","64.629","1.098.700"
"1999/00","2","FC Bayern München","52.588","894.000"
"1999/00","3","Hertha BSC","47.334","804.683"
"1999/00","4","Hamburger SV","41.317","702.392"
"1999/00","5","FC Schalke 04","40.515","688.764"
"1999/00","6","1.FC Kaiserslautern","40.223","683.795"
"1999/00","7","Eintracht Frankfurt","35.867","609.745"
"1999/00","8","TSV 1860 München","32.670","555.400"
"1999/00","9","SV Werder Bremen","30.201","513.429"
"1999/00","10","VfB Stuttgart","28.764","489.000"
"1999/00","11","SC Freiburg","24.688","419.700"
"1999/00","12","Bayer 04 Leverkusen","22.470","382.000"
"1999/00","13","Ulm","22.341","379.800"
"1999/00","14","Arminia Bielefeld","19.747","335.709"
"1999/00","15","VfL Wolfsburg","17.137","291.329"
"1999/00","16","Hansa Rostock","16.182","275.100"
"1999/00","17","MSV Duisburg","14.932","253.859"
"1999/00","18","SpVgg Unterhaching","9.629","163.700"
"2000/01","1","Borussia Dortmund","63.752","1.083.800"
"2000/01","2","FC Bayern München","49.705","845.000"
"2000/01","3","FC Schalke 04","46.594","792.100"
"2000/01","4","Hamburger SV","43.141","733.400"
"2000/01","5","Hertha BSC","40.341","685.800"
"2000/01","6","1.FC Kaiserslautern","39.323","668.500"
"2000/01","7","1. FC Köln","34.782","591.300"
"2000/01","8","SV Werder Bremen","30.347","515.900"
"2000/01","9","Eintracht Frankfurt","29.247","497.200"
"2000/01","10","TSV 1860 München","27.982","475.700"
"2000/01","11","VfB Stuttgart","26.394","448.700"
"2000/01","12","SC Freiburg","24.900","423.300"
"2000/01","13","Bayer 04 Leverkusen","22.411","381.000"
"2000/01","14","VfL Bochum","19.247","327.200"
"2000/01","15","Energie Cottbus","16.482","280.200"
"2000/01","16","VfL Wolfsburg","15.258","259.400"
"2000/01","17","Hansa Rostock","15.041","255.700"
"2000/01","18","SpVgg Unterhaching","10.741","182.600"
"2001/02","1","Borussia Dortmund","65.911","1.120.500"
"2001/02","2","FC Schalke 04","60.546","1.029.283"
"2001/02","3","FC Bayern München","52.411","891.000"
"2001/02","4","Hamburger SV","44.139","750.375"
"2001/02","5","1.FC Kaiserslautern","38.452","653.700"
"2001/02","6","Hertha BSC","35.995","611.925"
"2001/02","7","1. FC Nürnberg","31.429","534.300"
"2001/02","8","1. FC Köln","31.088","528.500"
"2001/02","9","Borussia Mönchengladbach","30.264","514.500"
"2001/02","10","SV Werder Bremen","30.152","512.600"
"2001/02","11","VfB Stuttgart","26.305","447.200"
"2001/02","12","TSV 1860 München","25.017","425.300"
"2001/02","13","SC Freiburg","24.723","420.300"
"2001/02","14","Bayer 04 Leverkusen","22.411","381.000"
"2001/02","15","FC St. Pauli","22.364","380.200"
"2001/02","16","Hansa Rostock","18.605","316.300"
"2001/02","17","Energie Cottbus","16.782","285.300"
"2001/02","18","VfL Wolfsburg","14.805","251.700"
"2002/03","1","Borussia Dortmund","67.694","1.150.800"
"2002/03","2","FC Schalke 04","60.541","1.029.200"
"2002/03","3","FC Bayern München","51.764","880.000"
"2002/03","4","Hamburger SV","45.452","772.700"
"2002/03","5","Hertha BSC","41.788","710.400"
"2002/03","6","Hannover 96","36.688","623.700"
"2002/03","7","1.FC Kaiserslautern","36.100","613.700"
"2002/03","8","VfB Stuttgart","33.000","561.000"
"2002/03","9","SV Werder Bremen","32.335","549.700"
"2002/03","10","Borussia Mönchengladbach","28.870","490.800"
"2002/03","11","1. FC Nürnberg","27.576","468.800"
"2002/03","12","TSV 1860 München","26.323","447.500"
"2002/03","13","VfL Bochum","24.917","423.600"
"2002/03","14","Arminia Bielefeld","23.270","395.600"
"2002/03","15","Bayer 04 Leverkusen","22.500","382.500"
"2002/03","16","Hansa Rostock","19.776","336.200"
"2002/03","17","VfL Wolfsburg","19.158","325.700"
"2002/03","18","Energie Cottbus","13.164","223.800"
"2003/04","1","Borussia Dortmund","79.647","1.354.000"
"2003/04","2","FC Schalke 04","61.182","1.040.100"
"2003/04","3","FC Bayern München","55.058","936.000"
"2003/04","4","Hamburger SV","48.217","819.700"
"2003/04","5","VfB Stuttgart","43.470","739.000"
"2003/04","6","Hertha BSC","40.711","692.100"
"2003/04","7","1. FC Köln","40.035","680.600"
"2003/04","8","1.FC Kaiserslautern","38.617","656.500"
"2003/04","9","SV Werder Bremen","37.758","641.900"
"2003/04","10","Borussia Mönchengladbach","32.282","548.800"
"2003/04","11","TSV 1860 München","28.535","485.100"
"2003/04","12","VfL Bochum","27.170","461.900"
"2003/04","13","Eintracht Frankfurt","26.364","448.200"
"2003/04","14","SC Freiburg","24.488","416.300"
"2003/04","15","Hannover 96","23.470","399.000"
"2003/04","16","VfL Wolfsburg","23.047","391.800"
"2003/04","17","Bayer 04 Leverkusen","22.500","382.500"
"2003/04","18","Hansa Rostock","22.205","377.500"
"2004/05","1","Borussia Dortmund","77.241","1.313.100"
"2004/05","2","FC Schalke 04","61.323","1.042.500"
"2004/05","3","FC Bayern München","53.294","906.000"
"2004/05","4","Borussia Mönchengladbach","49.082","834.400"
"2004/05","5","Hamburger SV","48.923","831.700"
"2004/05","6","Hertha BSC","48.482","824.200"
"2004/05","7","VfB Stuttgart","41.470","705.000"
"2004/05","8","SV Werder Bremen","39.858","677.600"
"2004/05","9","Hannover 96","35.929","610.800"
"2004/05","10","1.FC Kaiserslautern","35.594","605.100"
"2004/05","11","1. FC Nürnberg","29.900","508.300"
"2004/05","12","VfL Bochum","26.217","445.700"
"2004/05","13","VfL Wolfsburg","24.035","408.600"
"2004/05","14","SC Freiburg","22.923","389.700"
"2004/05","15","Bayer 04 Leverkusen","22.500","382.500"
"2004/05","16","Arminia Bielefeld","22.323","379.500"
"2004/05","17","FSV Mainz 05","20.158","342.700"
"2004/05","18","Hansa Rostock","20.147","342.500"
"2005/06","1","Borussia Dortmund","72.811","1.237.800"
"2005/06","2","FC Bayern München","67.641","1.149.900"
"2005/06","3","FC Schalke 04","61.276","1.041.700"
"2005/06","4","Hamburger SV","52.641","894.900"
"2005/06","5","1. FC Köln","48.676","827.500"
"2005/06","6","Borussia Mönchengladbach","47.647","810.000"
"2005/06","7","Hertha BSC","46.976","798.600"
"2005/06","8","Eintracht Frankfurt","41.894","712.200"
"2005/06","9","SV Werder Bremen","39.535","672.100"
"2005/06","10","VfB Stuttgart","39.058","664.000"
"2005/06","11","Hannover 96","38.417","653.100"
"2005/06","12","1.FC Kaiserslautern","33.047","561.800"
"2005/06","13","1. FC Nürnberg","32.570","553.700"
"2005/06","14","MSV Duisburg","25.217","428.700"
"2005/06","15","Bayer 04 Leverkusen","22.264","378.500"
"2005/06","16","VfL Wolfsburg","22.076","375.300"
"2005/06","17","Arminia Bielefeld","21.947","373.100"
"2005/06","18","FSV Mainz 05","20.164","342.800"
"2006/07","1","Borussia Dortmund","72.529","1.233.000"
"2006/07","2","FC Bayern München","68.411","1.163.000"
"2006/07","3","FC Schalke 04","61.364","1.043.200"
"2006/07","4","Hamburger SV","55.864","949.700"
"2006/07","5","Hertha BSC","48.341","821.800"
"2006/07","6","Eintracht Frankfurt","47.629","809.700"
"2006/07","7","Borussia Mönchengladbach","47.529","808.000"
"2006/07","8","VfB Stuttgart","46.264","786.500"
"2006/07","9","1. FC Nürnberg","41.311","702.300"
"2006/07","10","SV Werder Bremen","40.905","695.400"
"2006/07","11","Hannover 96","38.676","657.500"
"2006/07","12","VfL Bochum","24.976","424.600"
"2006/07","13","Arminia Bielefeld","23.123","393.100"
"2006/07","14","Bayer 04 Leverkusen","22.411","381.000"
"2006/07","15","VfL Wolfsburg","22.311","379.300"
"2006/07","16","Aachen","21.170","359.900"
"2006/07","17","FSV Mainz 05","20.211","343.600"
"2006/07","18","Energie Cottbus","16.070","273.200"
"2007/08","1","Borussia Dortmund","72.505","1.232.600"
"2007/08","2","FC Bayern München","69.000","1.173.000"
"2007/08","3","FC Schalke 04","61.288","1.041.900"
"2007/08","4","Hamburger SV","55.370","941.300"
"2007/08","5","VfB Stuttgart","50.823","864.000"
"2007/08","6","Eintracht Frankfurt","48.300","821.100"
"2007/08","7","Hertha BSC","45.476","773.100"
"2007/08","8","1. FC Nürnberg","43.500","739.500"
"2007/08","9","SV Werder Bremen","40.305","685.200"
"2007/08","10","Hannover 96","40.294","685.000"
"2007/08","11","Karlsruher SC","28.717","488.200"
"2007/08","12","MSV Duisburg","25.035","425.600"
"2007/08","13","VfL Bochum","24.388","414.600"
"2007/08","14","VfL Wolfsburg","24.358","414.100"
"2007/08","15","Bayer 04 Leverkusen","22.470","382.000"
"2007/08","16","Arminia Bielefeld","21.535","366.100"
"2007/08","17","Hansa Rostock","20.352","346.000"
"2007/08","18","Energie Cottbus","16.600","282.200"
"2008/09","1","Borussia Dortmund","74.835","1.272.200"
"2008/09","2","FC Bayern München","69.000","1.173.000"
"2008/09","3","FC Schalke 04","61.470","1.045.000"
"2008/09","4","Hamburger SV","54.888","933.100"
"2008/09","5","Hertha BSC","52.141","886.400"
"2008/09","6","VfB Stuttgart","51.982","883.700"
"2008/09","7","1. FC Köln","49.311","838.300"
"2008/09","8","Borussia Mönchengladbach","47.258","803.400"
"2008/09","9","Eintracht Frankfurt","47.011","799.200"
"2008/09","10","Hannover 96","41.917","712.600"
"2008/09","11","SV Werder Bremen","40.547","689.300"
"2008/09","12","TSG Hoffenheim","28.188","479.200"
"2008/09","13","Karlsruher SC","28.076","477.300"
"2008/09","14","VfL Wolfsburg","27.417","466.100"
"2008/09","15","Bayer 04 Leverkusen","26.047","442.800"
"2008/09","16","VfL Bochum","25.494","433.400"
"2008/09","17","Arminia Bielefeld","23.435","398.400"
"2008/09","18","Energie Cottbus","16.835","286.200"
"2009/10","1","Borussia Dortmund","77.241","1.313.100"
"2009/10","2","FC Bayern München","69.000","1.173.000"
"2009/10","3","FC Schalke 04","61.394","1.043.700"
"2009/10","4","Hamburger SV","55.235","939.000"
"2009/10","5","1. FC Köln","48.058","817.000"
"2009/10","6","Eintracht Frankfurt","47.211","802.600"
"2009/10","7","Hertha BSC","46.688","793.700"
"2009/10","8","Borussia Mönchengladbach","46.423","789.200"
"2009/10","9","1. FC Nürnberg","42.335","719.700"
"2009/10","10","VfB Stuttgart","41.064","698.100"
"2009/10","11","Hannover 96","38.247","650.200"
"2009/10","12","SV Werder Bremen","35.964","611.400"
"2009/10","13","TSG Hoffenheim","29.723","505.300"
"2009/10","14","Bayer 04 Leverkusen","29.288","497.900"
"2009/10","15","VfL Wolfsburg","29.235","497.000"
"2009/10","16","VfL Bochum","24.852","422.500"
"2009/10","17","SC Freiburg","22.894","389.200"
"2009/10","18","FSV Mainz 05","20.088","341.500"
"2010/11","1","Borussia Dortmund","79.505","1.351.600"
"2010/11","2","FC Bayern München","69.000","1.173.000"
"2010/11","3","FC Schalke 04","61.341","1.042.800"
"2010/11","4","Hamburger SV","54.447","925.600"
"2010/11","5","1. FC Köln","47.782","812.300"
"2010/11","6","Eintracht Frankfurt","47.335","804.700"
"2010/11","7","1.FC Kaiserslautern","46.400","788.800"
"2010/11","8","Borussia Mönchengladbach","45.194","768.300"
"2010/11","9","Hannover 96","43.905","746.400"
"2010/11","10","1. FC Nürnberg","41.670","708.400"
"2010/11","11","VfB Stuttgart","39.041","663.700"
"2010/11","12","SV Werder Bremen","37.417","636.100"
"2010/11","13","TSG Hoffenheim","29.911","508.500"
"2010/11","14","VfL Wolfsburg","28.882","491.000"
"2010/11","15","Bayer 04 Leverkusen","28.547","485.300"
"2010/11","16","FC St. Pauli","24.264","412.500"
"2010/11","17","SC Freiburg","23.011","391.200"
"2010/11","18","FSV Mainz 05","20.200","343.400"
"2011/12","1","Borussia Dortmund","80.505","1.368.600"
"2011/12","2","FC Bayern München","69.000","1.173.000"
"2011/12","3","FC Schalke 04","61.223","1.040.800"
"2011/12","4","VfB Stuttgart","55.088","936.500"
"2011/12","5","Hamburger SV","53.505","909.600"
"2011/12","6","Hertha BSC","53.447","908.600"
"2011/12","7","Borussia Mönchengladbach","51.823","881.000"
"2011/12","8","1. FC Köln","47.264","803.500"
"2011/12","9","Hannover 96","44.823","762.000"
"2011/12","10","1.FC Kaiserslautern","42.394","720.700"
"2011/12","11","1. FC Nürnberg","42.000","714.000"
"2011/12","12","SV Werder Bremen","40.811","693.800"
"2011/12","13","FSV Mainz 05","32.917","559.600"
"2011/12","14","1.FC Augsburg","30.294","515.000"
"2011/12","15","Bayer 04 Leverkusen","28.482","484.200"
"2011/12","16","TSG Hoffenheim","28.064","477.100"
"2011/12","17","VfL Wolfsburg","27.376","465.400"
"2011/12","18","SC Freiburg","22.676","385.500"
"2012/13","1","Borussia Dortmund","80.584","1.369.935"
"2012/13","2","FC Bayern München","71.000","1.207.000"
"2012/13","3","FC Schalke 04","61.174","1.039.971"
"2012/13","4","Hamburger SV","52.907","899.423"
"2012/13","5","VfB Stuttgart","50.072","851.239"
"2012/13","6","Borussia Mönchengladbach","49.598","843.174"
"2012/13","7","Eintracht Frankfurt","48.044","816.750"
"2012/13","8","Fortuna Düsseldorf","46.068","783.161"
"2012/13","9","Hannover 96","44.347","753.900"
"2012/13","10","1. FC Nürnberg","41.697","708.851"
"2012/13","11","SV Werder Bremen","40.704","691.972"
"2012/13","12","FSV Mainz 05","31.158","529.700"
"2012/13","13","1.FC Augsburg","29.083","494.423"
"2012/13","14","Bayer 04 Leverkusen","28.127","478.173"
"2012/13","15","VfL Wolfsburg","26.641","452.898"
"2012/13","16","TSG Hoffenheim","26.183","445.125"
"2012/13","17","SC Freiburg","23.276","395.700"
"2012/13","18","SpVgg Greuther Fürth","16.833","286.173"
"2013/14","1","Borussia Dortmund","80.361","1.366.140"
"2013/14","2","FC Bayern München","71.008","1.207.137"
"2013/14","3","FC Schalke 04","61.551","1.046.369"
"2013/14","4","Borussia Mönchengladbach","52.344","889.852"
"2013/14","5","Hertha BSC","52.007","884.120"
"2013/14","6","Hamburger SV","51.619","877.534"
"2013/14","7","VfB Stuttgart","50.447","857.608"
"2013/14","8","Eintracht Frankfurt","47.088","800.500"
"2013/14","9","Hannover 96","45.270","769.600"
"2013/14","10","SV Werder Bremen","40.656","691.162"
"2013/14","11","1. FC Nürnberg","40.412","687.006"
"2013/14","12","FSV Mainz 05","30.983","526.722"
"2013/14","13","1.FC Augsburg","29.324","498.518"
"2013/14","14","Bayer 04 Leverkusen","28.422","483.186"
"2013/14","15","VfL Wolfsburg","28.022","476.374"
"2013/14","16","TSG Hoffenheim","26.906","457.411"
"2013/14","17","SC Freiburg","23.394","397.700"
"2013/14","18","Eintracht Braunschweig","23.004","391.081"
"2014/15","1","Borussia Dortmund","80.474","1.368.071"
"2014/15","2","FC Bayern München","72.910","1.239.483"
"2014/15","3","FC Schalke 04","61.514","1.045.738"
"2014/15","4","Hamburger SV","53.251","905.278"
"2014/15","5","VfB Stuttgart","50.755","862.849"
"2014/15","6","Borussia Mönchengladbach","50.659","861.218"
"2014/15","7","Hertha BSC","50.212","853.612"
"2014/15","8","1. FC Köln","48.740","828.586"
"2014/15","9","Eintracht Frankfurt","47.617","809.500"
"2014/15","10","Hannover 96","43.882","746.000"
"2014/15","11","SV Werder Bremen","40.905","695.396"
"2014/15","12","FSV Mainz 05","30.939","525.968"
"2014/15","13","Bayer 04 Leverkusen","29.311","498.293"
"2014/15","14","1.FC Augsburg","29.163","495.779"
"2014/15","15","VfL Wolfsburg","28.199","479.387"
"2014/15","16","TSG Hoffenheim","27.163","461.786"
"2014/15","17","SC Freiburg","23.850","405.450"
"2014/15","18","SC Paderborn 07","14.859","252.603"
"2015/16","1","Borussia Dortmund","81.228","1.380.882"
"2015/16","2","FC Bayern München","75.002","1.275.048"
"2015/16","3","FC Schalke 04","61.387","1.043.594"
"2015/16","4","Hamburger SV","53.698","912.881"
"2015/16","5","VfB Stuttgart","51.982","883.708"
"2015/16","6","Borussia Mönchengladbach","51.716","879.187"
"2015/16","7","Hertha BSC","49.705","844.992"
"2015/16","8","1. FC Köln","48.674","827.468"
"2015/16","9","Eintracht Frankfurt","46.811","795.800"
"2015/16","10","Hannover 96","42.699","725.888"
"2015/16","11","SV Werder Bremen","40.934","695.891"
"2015/16","12","FSV Mainz 05","31.051","527.879"
"2015/16","13","Bayer 04 Leverkusen","29.068","494.171"
"2015/16","14","1.FC Augsburg","29.003","493.057"
"2015/16","15","VfL Wolfsburg","28.884","491.041"
"2015/16","16","TSG Hoffenheim","27.577","468.812"
"2015/16","17","SV Darmstadt 98","16.647","283.000"
"2015/16","18","FC Ingolstadt 04","14.836","252.215"
"2016/17","1","Borussia Dortmund","79.632","1.353.745"
"2016/17","2","FC Bayern München","75.000","1.275.000"
"2016/17","3","FC Schalke 04","60.762","1.032.961"
"2016/17","4","Hamburger SV","52.341","889.798"
"2016/17","5","Borussia Mönchengladbach","51.494","875.400"
"2016/17","6","Hertha BSC","50.267","854.539"
"2016/17","7","1. FC Köln","49.570","842.700"
"2016/17","8","Eintracht Frankfurt","49.164","835.800"
"2016/17","9","RB Leipzig","41.454","704.720"
"2016/17","10","SV Werder Bremen","41.010","697.174"
"2016/17","11","FSV Mainz 05","29.095","494.627"
"2016/17","12","TSG Hoffenheim","28.274","480.673"
"2016/17","13","1.FC Augsburg","28.172","478.931"
"2016/17","14","VfL Wolfsburg","27.586","468.962"
"2016/17","15","Bayer 04 Leverkusen","26.658","453.188"
"2016/17","16","SC Freiburg","23.958","407.300"
"2016/17","17","SV Darmstadt 98","16.752","284.800"
"2016/17","18","FC Ingolstadt 04","14.600","248.209"
"2017/18","1","Borussia Dortmund","79.525","1.351.939"
"2017/18","2","FC Bayern München","75.000","1.275.000"
"2017/18","3","FC Schalke 04","61.331","1.042.639"
"2017/18","4","VfB Stuttgart","56.270","956.597"
"2017/18","5","Borussia Mönchengladbach","50.842","864.324"
"2017/18","6","Hamburger SV","50.653","861.116"
"2017/18","7","Eintracht Frankfurt","49.129","835.200"
"2017/18","8","1. FC Köln","48.770","829.100"
"2017/18","9","Hertha BSC","45.318","770.422"
"2017/18","10","Hannover 96","42.500","722.500"
"2017/18","11","SV Werder Bremen","40.870","694.792"
"2017/18","12","RB Leipzig","39.791","676.463"
"2017/18","13","TSG Hoffenheim","28.774","489.166"
"2017/18","14","FSV Mainz 05","28.773","489.156"
"2017/18","15","Bayer 04 Leverkusen","28.415","483.063"
"2017/18","16","1.FC Augsburg","28.159","478.704"
"2017/18","17","VfL Wolfsburg","25.712","437.114"
"2017/18","18","SC Freiburg","23.894","406.200"
"2018/19","1","Borussia Dortmund","79.665","1.354.305"
"2018/19","2","FC Bayern München","75.000","1.275.000"
"2018/19","3","FC Schalke 04","58.890","1.001.132"
"2018/19","4","VfB Stuttgart","54.550","927.363"
"2018/19","5","Eintracht Frankfurt","49.794","846.500"
"2018/19","6","Borussia Mönchengladbach","49.668","844.360"
"2018/19","7","Hertha BSC","49.258","837.391"
"2018/19","8","SV Werder Bremen","41.256","701.352"
"2018/19","9","1. FC Nürnberg","40.372","686.332"
"2018/19","10","RB Leipzig","38.379","652.456"
"2018/19","11","Hannover 96","38.364","652.200"
"2018/19","12","Fortuna Düsseldorf","43.316","649.752"
"2018/19","13","TSG Hoffenheim","30.506","518.612"
"2018/19","14","Bayer 04 Leverkusen","27.990","475.833"
"2018/19","15","1.FC Augsburg","28.756","460.106"
"2018/19","16","FSV Mainz 05","25.816","438.880"
"2018/19","17","SC Freiburg","24.323","413.505"
"2018/19","18","VfL Wolfsburg","24.135","386.169"
"2019/20","1","FC Bayern München","69.643","975.010"
"2019/20","2","Borussia Dortmund","81.170","974.050"
"2019/20","3","FC Schalke 04","61.044","793.577"
"2019/20","4","Hertha BSC","49.286","640.720"
"2019/20","5","Borussia Mönchengladbach","50.917","611.007"
"2019/20","6","Eintracht Frankfurt","50.200","602.400"
"2019/20","7","1. FC Köln","49.716","596.600"
"2019/20","8","Fortuna Düsseldorf","43.707","524.495"
"2019/20","9","RB Leipzig","40.826","489.920"
"2019/20","10","SV Werder Bremen","40.820","449.028"
"2019/20","11","Bayer 04 Leverkusen","27.769","361.006"
"2019/20","12","TSG Hoffenheim","26.741","347.634"
"2019/20","13","1.FC Augsburg","26.524","344.813"
"2019/20","14","FSV Mainz 05","26.402","343.237"
"2019/20","15","VfL Wolfsburg","24.350","316.558"
"2019/20","16","SC Freiburg","23.925","287.100"
"2019/20","17","1. FC Union Berlin","21.911","262.937"
"2019/20","18","SC Paderborn 07","14.434","187.648"
"2020/21","1","RB Leipzig","5.999","17.999"
"2020/21","2","Borussia Mönchengladbach","5.341","10.683"
"2020/21","3","VfB Stuttgart","9.500","9.500"
"2020/21","4","Borussia Dortmund","9.300","9.300"
"2020/21","5","Hertha BSC","4.000","8.000"
"2020/21","6","Eintracht Frankfurt","8.000","8.000"
"2020/21","7","Bayer 04 Leverkusen","6.042","6.042"
"2020/21","8","TSG Hoffenheim","6.030","6.030"
"2020/21","9","1.FC Augsburg","6.000","6.000"
"2020/21","10","Arminia Bielefeld","5.460","5.460"
"2020/21","11","VfL Wolfsburg","4.519","4.519"
"2020/21","12","1. FC Union Berlin","4.400","4.400"
"2020/21","13","FSV Mainz 05","1.826","3.653"
"2020/21","14","SC Freiburg","3.200","3.200"
"2020/21","15","FC Schalke 04","1","1"
"2020/21","16","1. FC Köln","0","0"
"2020/21","17","FC Bayern München","0","0"
"2020/21","18","SV Werder Bremen","0","0"
"2021/22","1","Borussia Dortmund","35.348","459.536"
"2021/22","2","FC Bayern München","34.500","414.000"
"2021/22","3","1. FC Köln","28.828","403.600"
"2021/22","4","Eintracht Frankfurt","24.484","391.750"
"2021/22","5","RB Leipzig","29.415","352.983"
"2021/22","6","Borussia Mönchengladbach","23.114","346.723"
"2021/22","7","VfB Stuttgart","25.526","331.843"
"2021/22","8","Hertha BSC","22.718","295.342"
"2021/22","9","Arminia Bielefeld","16.142","226.001"
"2021/22","10","FSV Mainz 05","15.500","217.005"
"2021/22","11","Bayer 04 Leverkusen","16.427","197.133"
"2021/22","12","1. FC Union Berlin","12.984","194.761"
"2021/22","13","VfL Bochum","13.872","194.208"
"2021/22","14","SC Freiburg","14.092","183.200"
"2021/22","15","VfL Wolfsburg","11.143","167.156"
"2021/22","16","TSG Hoffenheim","11.265","146.456"
"2021/22","17","1.FC Augsburg","13.140","131.401"
"2021/22","18","SpVgg Greuther Fürth","9.527","95.276"
"2022/23","1","Borussia Dortmund","81.235","1.299.775"
"2022/23","2","FC Bayern München","75.000","1.200.000"
"2022/23","3","Hertha BSC","54.212","867.393"
"2022/23","4","Borussia Mönchengladbach","52.458","839.333"
"2022/23","5","1. FC Köln","50.062","801.000"
"2022/23","6","FC Schalke 04","61.058","732.696"
"2022/23","7","Eintracht Frankfurt","49.835","697.700"
"2022/23","8","VfB Stuttgart","46.226","693.403"
"2022/23","9","RB Leipzig","45.172","632.416"
"2022/23","10","SV Werder Bremen","41.726","542.446"
"2022/23","11","SC Freiburg","33.980","509.700"
"2022/23","12","Bayer 04 Leverkusen","28.481","484.186"
"2022/23","13","FSV Mainz 05","29.293","468.694"
"2022/23","14","1.FC Augsburg","28.121","449.939"
"2022/23","15","VfL Wolfsburg","25.393","431.691"
"2022/23","16","VfL Bochum","25.366","380.497"
"2022/23","17","TSG Hoffenheim","25.159","377.395"
"2022/23","18","1. FC Union Berlin","21.935","350.971"
"2023/24","1","Borussia Dortmund","81.225","1.380.825"
"2023/24","2","FC Bayern München","75.000","1.275.000"
"2023/24","3","Eintracht Frankfurt","56.958","968.300"
"2023/24","4","VfB Stuttgart","55.106","936.805"
"2023/24","5","Borussia Mönchengladbach","51.518","875.817"
"2023/24","6","1. FC Köln","49.829","847.100"
"2023/24","7","RB Leipzig","44.836","762.217"
"2023/24","8","SV Werder Bremen","41.721","709.258"
"2023/24","9","SC Freiburg","34.154","580.634"
"2023/24","10","FSV Mainz 05","30.690","521.735"
"2023/24","11","Bayer 04 Leverkusen","30.025","510.431"
"2023/24","12","1.FC Augsburg","29.590","503.031"
"2023/24","13","VfL Wolfsburg","25.601","435.222"
"2023/24","14","VfL Bochum","25.416","406.658"
"2023/24","15","TSG Hoffenheim","25.092","401.480"
"2023/24","16","1. FC Union Berlin","21.935","372.906"
"2023/24","17","SV Darmstadt 98","16.683","283.613"
"2023/24","18","1. FC Heidenheim","15.000","255.000"
"2024/25","1","Borussia Dortmund","81.365","1.220.475"
"2024/25","2","FC Bayern München","75.000","1.200.000"
"2024/25","3","VfB Stuttgart","59.406","950.500"
"2024/25","4","Eintracht Frankfurt","57.621","806.700"
"2024/25","5","Borussia Mönchengladbach","50.885","763.289"
"2024/25","6","RB Leipzig","44.983","719.742"
"2024/25","7","SV Werder Bremen","41.350","620.252"
"2024/25","8","FSV Mainz 05","32.354","550.025"
"2024/25","9","SC Freiburg","34.220","513.300"
"2024/25","10","Bayer 04 Leverkusen","29.927","448.909"
"2024/25","11","1.FC Augsburg","29.808","417.321"
"2024/25","12","TSG Hoffenheim","25.685","410.971"
"2024/25","13","FC St. Pauli","29.542","384.052"
"2024/25","14","VfL Wolfsburg","24.579","368.696"
"2024/25","15","VfL Bochum","25.434","330.654"
"2024/25","16","1. FC Union Berlin","21.982","285.778"
"2024/25","17","1. FC Heidenheim","15.000","240.000"
"2024/25","18","Holstein Kiel","14.916","223.748"
